file,time_limit,corsort_duration,corsort_comparisons,multizip_sort_duration,multizip_sort_comparisons,quick_sort_duration,quick_sort_comparisons,bubble_sort_duration,bubble_sort_comparisons,heap_sort_duration,heap_sort_comparisons,insertion_sort_duration,insertion_sort_comparisons,merge_sort_duration,merge_sort_comparisons,selection_sort_duration,selection_sort_comparisons,shell_sort_duration,shell_sort_comparisons,radix_sort_duration,radix_sort_comparisons,counting_sort_duration,counting_sort_comparisons
list_few_duplicates_32.txt,0.001,0.0018658638000488281,0,0.0001518726348876953,142,4.76837158203125e-05,138,0.00014209747314453125,496,8.893013000488281e-05,227,6.175041198730469e-05,242,8.20159912109375e-05,125,5.793571472167969e-05,496,3.886222839355469e-05,193,5.507469177246094e-05,128,3.504753112792969e-05,32
list_few_duplicates_32.txt,0.01,0.011229991912841797,9,0.00014519691467285156,142,4.6253204345703125e-05,138,0.0001399517059326172,496,8.821487426757812e-05,227,6.008148193359375e-05,242,7.486343383789062e-05,125,7.295608520507812e-05,496,3.790855407714844e-05,193,5.1975250244140625e-05,128,3.3855438232421875e-05,32
list_few_duplicates_32.txt,0.1,0.08052515983581543,126,0.0001690387725830078,142,4.00543212890625e-05,138,0.00012111663818359375,496,7.605552673339844e-05,227,5.2928924560546875e-05,242,6.4849853515625e-05,125,4.9114227294921875e-05,496,3.2901763916015625e-05,193,4.7206878662109375e-05,128,2.9087066650390625e-05,32
list_few_duplicates_32.txt,1,0.07104897499084473,126,0.0002338886260986328,142,4.100799560546875e-05,138,0.0001270771026611328,496,7.700920104980469e-05,227,5.507469177246094e-05,242,6.508827209472656e-05,125,4.792213439941406e-05,496,3.409385681152344e-05,193,4.696846008300781e-05,128,3.0994415283203125e-05,32
list_few_duplicates_32.txt,10,0.07085800170898438,126,0.0002028942108154297,142,5.984306335449219e-05,138,0.000186920166015625,496,7.605552673339844e-05,227,5.412101745605469e-05,242,6.389617919921875e-05,125,4.8160552978515625e-05,496,3.2901763916015625e-05,193,4.601478576660156e-05,128,3.0040740966796875e-05,32
list_reversed_1024.txt,0.001,0.008282184600830078,0,0.0012106895446777344,6123,0.00113677978515625,7140,0.0010361671447753906,1878,0.0010330677032470703,2894,0.0010309219360351562,3210,0.0013470649719238281,2816,0.0010900497436523438,13221,0.001027822494506836,5188,0.0010421276092529297,3449,0.0011181831359863281,1024
list_reversed_1024.txt,0.01,1.015352725982666,1,0.010071039199829102,57681,0.010144948959350586,89930,0.010041952133178711,31903,0.004783153533935547,16407,0.010076761245727539,35924,0.0020208358764648438,5120,0.010133028030395508,109271,0.0025789737701416016,14337,0.0023980140686035156,8192,0.0008749961853027344,1024
list_reversed_1024.txt,0.1,1.0026271343231201,1,0.08504176139831543,523776,0.05699896812438965,523776,0.1000819206237793,357008,0.004507780075073242,16407,0.10016989707946777,377201,0.0024509429931640625,5120,0.04697299003601074,523776,0.002569913864135742,14337,0.0024521350860595703,8192,0.0008909702301025391,1024
list_reversed_1024.txt,1,1.9667139053344727,2,0.08551311492919922,523776,0.05587196350097656,523776,0.19206500053405762,523776,0.004725933074951172,16407,0.1307971477508545,524799,0.0019268989562988281,5120,0.04024791717529297,523776,0.0025010108947753906,14337,0.002413034439086914,8192,0.0010030269622802734,1024
list_reversed_1024.txt,10,10.049370050430298,10,0.1006326675415039,523776,0.10699605941772461,523776,0.18448376655578613,523776,0.006195068359375,16407,0.17888379096984863,524799,0.0022330284118652344,5120,0.04533982276916504,523776,0.005002021789550781,14337,0.004364728927612305,8192,0.0013871192932128906,1024
list_sorted_2048.txt,0.001,0.042037010192871094,0,0.0012538433074951172,4093,0.0013780593872070312,6138,0.0010685920715332031,3567,0.0010669231414794922,2020,0.0005340576171875,2047,0.0017957687377929688,3722,0.0012137889862060547,12267,0.003515005111694336,20481,0.001146078109741211,2692,0.0010859966278076172,2048
list_sorted_2048.txt,0.01,0.027758121490478516,0,0.010625839233398438,34663,0.010204792022705078,44803,0.010106086730957031,38708,0.010102033615112305,27626,0.00038933753967285156,2047,0.005465984344482422,11264,0.010239839553833008,111100,0.003453969955444336,20481,0.0060579776763916016,16384,0.0022110939025878906,2048
list_sorted_2048.txt,0.1,4.1958839893341064,1,0.1002197265625,487807,0.10014510154724121,692478,0.10008978843688965,493396,0.012845039367675781,40204,0.0007448196411132812,2047,0.004427909851074219,11264,0.1000819206237793,1332898,0.002811908721923828,20481,0.005400180816650391,16384,0.002474069595336914,2048
list_sorted_2048.txt,1,4.109766244888306,1,0.5584170818328857,2096128,0.3145580291748047,2096128,0.4546668529510498,2096128,0.011999845504760742,40204,0.00032901763916015625,2047,0.00431513786315918,11264,0.17214059829711914,2096128,0.003412008285522461,20481,0.006673097610473633,16384,0.0019178390502929688,2048
list_sorted_2048.txt,10,12.382077932357788,3,0.41047096252441406,2096128,0.29839587211608887,2096128,0.46044182777404785,2096128,0.012857198715209961,40204,0.0003380775451660156,2047,0.004243135452270508,11264,0.17300677299499512,2096128,0.003197908401489258,20481,0.0051860809326171875,16384,0.00191497802734375,2048
list_random_2048.txt,0.001,0.02408599853515625,0,0.0012297630310058594,6133,0.0010690689086914062,7761,0.0010409355163574219,2851,0.0010361671447753906,2421,0.001033782958984375,3675,0.002105712890625,5864,0.0011661052703857422,12267,0.0010378360748291016,4798,0.0010631084442138672,3070,0.0010449886322021484,2048
list_random_2048.txt,0.01,0.024936914443969727,0,0.00639796257019043,24876,0.0044710636138916016,24876,0.010092020034790039,28140,0.010128259658813477,26786,0.01008296012878418,34451,0.007812023162841797,19929,0.010200023651123047,109107,0.010102987289428711,36397,0.0060460567474365234,16384,0.0023202896118164062,2048
list_random_2048.txt,0.1,4.300736904144287,1,0.0066449642181396484,24876,0.0044748783111572266,24876,0.10009503364562988,303871,0.012699127197265625,38764,0.1000969409942627,359383,0.007086753845214844,19929,0.10020709037780762,1125207,0.02243208885192871,72789,0.006087064743041992,16384,0.00228118896484375,2048
list_random_2048.txt,1,4.495906114578247,1,0.006768703460693359,24876,0.004383087158203125,24876,0.5776851177215576,2096128,0.012308835983276367,38764,0.27585506439208984,1034521,0.006525993347167969,19929,0.1651020050048828,2096128,0.017669200897216797,72789,0.0052127838134765625,16384,0.0019178390502929688,2048
list_random_2048.txt,10,12.221461057662964,3,0.006453990936279297,24876,0.004528999328613281,24876,0.5470478534698486,2096128,0.011425018310546875,38764,0.2628209590911865,1034521,0.006298065185546875,19929,0.16186189651489258,2096128,0.0230557918548584,72789,0.0068302154541015625,16384,0.00214385986328125,2048
list_nearly_sorted_8.txt,0.001,0.00189208984375,6,0.0001747608184814453,28,1.5974044799804688e-05,28,2.8848648071289062e-05,28,1.7881393432617188e-05,27,1.811981201171875e-05,7,3.2901763916015625e-05,12,6.9141387939453125e-06,28,4.0531158447265625e-06,17,1.1205673217773438e-05,16,1.0013580322265625e-05,8
list_nearly_sorted_8.txt,0.01,0.0017871856689453125,14,0.00012087821960449219,28,5.2928924560546875e-05,28,9.059906005859375e-06,28,4.124641418457031e-05,27,2.86102294921875e-06,7,3.0040740966796875e-05,12,2.9087066650390625e-05,28,2.6941299438476562e-05,17,1.2159347534179688e-05,16,1.0967254638671875e-05,8
list_nearly_sorted_8.txt,0.1,0.002293109893798828,14,0.0002040863037109375,28,3.2901763916015625e-05,28,3.0279159545898438e-05,28,5.412101745605469e-05,27,2.1457672119140625e-06,7,1.4066696166992188e-05,12,6.9141387939453125e-06,28,2.002716064453125e-05,17,2.574920654296875e-05,16,3.409385681152344e-05,8
list_nearly_sorted_8.txt,1,0.0031518936157226562,14,0.00020313262939453125,28,5.984306335449219e-05,28,1.0013580322265625e-05,28,1.811981201171875e-05,27,3.0994415283203125e-06,7,1.5020370483398438e-05,12,8.106231689453125e-06,28,5.0067901611328125e-06,17,3.123283386230469e-05,16,1.2159347534179688e-05,8
list_nearly_sorted_8.txt,10,0.002173900604248047,14,0.00011181831359863281,28,1.7881393432617188e-05,28,1.0013580322265625e-05,28,4.124641418457031e-05,27,3.0994415283203125e-06,7,1.4066696166992188e-05,12,2.3603439331054688e-05,28,5.245208740234375e-06,17,5.984306335449219e-05,16,1.2159347534179688e-05,8
list_random_1024.txt,0.001,0.008087873458862305,0,0.0010838508605957031,3276,0.0011060237884521484,5172,0.0010912418365478516,2042,0.0010619163513183594,2069,0.0011019706726074219,2285,0.0017769336700439453,3682,0.0010838508605957031,11198,0.0010721683502197266,4141,0.0010519027709960938,2891,0.0010440349578857422,1024
list_random_1024.txt,0.01,1.0603010654449463,1,0.002794027328491211,11476,0.0020852088928222656,11476,0.010056018829345703,32173,0.005290985107421875,17359,0.010143041610717773,38525,0.0033559799194335938,8937,0.01010584831237793,126390,0.007143974304199219,22641,0.002353191375732422,8192,0.0009341239929199219,1024
list_random_1024.txt,0.1,1.0257232189178467,1,0.002724885940551758,11476,0.0022161006927490234,11476,0.10009288787841797,352918,0.007126808166503906,17359,0.06871294975280762,260837,0.0030069351196289062,8937,0.04285407066345215,523776,0.005121946334838867,22641,0.0026628971099853516,8192,0.0009121894836425781,1024
list_random_1024.txt,1,1.0533888339996338,1,0.0027298927307128906,11476,0.002223968505859375,11476,0.15556120872497559,523776,0.005307197570800781,17359,0.0715949535369873,260837,0.0039479732513427734,8937,0.04876112937927246,523776,0.005418062210083008,22641,0.0026731491088867188,8192,0.0009739398956298828,1024
list_random_1024.txt,10,10.372973203659058,10,0.0027680397033691406,11476,0.0023250579833984375,11476,0.14073801040649414,523776,0.006506919860839844,17359,0.06723690032958984,260837,0.0029120445251464844,8937,0.04165983200073242,523776,0.005213260650634766,22641,0.0027217864990234375,8192,0.0010018348693847656,1024
list_sorted_1024.txt,0.001,0.005080223083496094,0,0.0012519359588623047,5105,0.0010781288146972656,6123,0.0010921955108642578,2728,0.0010471343994140625,1586,0.0004150867462158203,1023,0.0018019676208496094,2580,0.0011241436004638672,8156,0.0017137527465820312,9217,0.0011026859283447266,2582,0.0010750293731689453,1024
list_sorted_1024.txt,0.01,1.055821180343628,1,0.010178804397583008,40140,0.010225057601928711,63456,0.010080099105834961,36949,0.00968313217163086,18060,0.0003390312194824219,1023,0.003158092498779297,5120,0.010129213333129883,108360,0.0015265941619873047,9217,0.003033161163330078,8192,0.00110626220703125,1024
list_sorted_1024.txt,0.1,1.034404993057251,1,0.10014009475708008,242151,0.0806889533996582,523776,0.10011100769042969,503717,0.0054569244384765625,18060,0.00015091896057128906,1023,0.002637147903442383,5120,0.04185009002685547,523776,0.0012574195861816406,9217,0.0026090145111083984,8192,0.0009298324584960938,1024
list_sorted_1024.txt,1,1.0220179557800293,1,0.10537600517272949,523776,0.09158706665039062,523776,0.12192416191101074,523776,0.005438089370727539,18060,0.0001628398895263672,1023,0.001986265182495117,5120,0.04109692573547363,523776,0.0012488365173339844,9217,0.002567768096923828,8192,0.0009520053863525391,1024
list_sorted_1024.txt,10,10.026088953018188,10,0.10505914688110352,523776,0.07542824745178223,523776,0.10603213310241699,523776,0.005199909210205078,18060,0.00015211105346679688,1023,0.0018970966339111328,5120,0.03904318809509277,523776,0.0012049674987792969,9217,0.002492189407348633,8192,0.0009069442749023438,1024
list_reversed_2048.txt,0.001,0.023606061935424805,0,0.0011668205261230469,6138,0.0011069774627685547,8182,0.0010559558868408203,2812,0.0010418891906738281,3247,0.0010371208190917969,3680,0.0017528533935546875,3748,0.001070261001586914,10225,0.0010559558868408203,4328,0.0011017322540283203,2962,0.0010669231414794922,2048
list_reversed_2048.txt,0.01,0.02398514747619629,0,0.010224103927612305,52897,0.010098934173583984,77083,0.010091066360473633,26312,0.010101795196533203,28994,0.010110855102539062,35996,0.0050890445709228516,11264,0.010219097137451172,99127,0.007356166839599609,31745,0.006264209747314453,16384,0.0021648406982421875,2048
list_reversed_2048.txt,0.1,4.057870149612427,1,0.10015630722045898,595350,0.10016274452209473,924913,0.10009407997131348,309038,0.012169837951660156,36973,0.10009765625,410839,0.004490852355957031,11264,0.10010695457458496,1166562,0.010624170303344727,31745,0.006296873092651367,16384,0.0020987987518310547,2048
list_reversed_2048.txt,1,4.108057737350464,1,0.3303649425506592,2096128,0.220991849899292,2096128,0.6577908992767334,2096128,0.010653257369995117,36973,0.5334608554840088,2098175,0.00551295280456543,11264,0.17978811264038086,2096128,0.006232023239135742,31745,0.005314826965332031,16384,0.001950979232788086,2048
list_reversed_2048.txt,10,12.575403213500977,3,0.3413729667663574,2096128,0.22957801818847656,2096128,0.6976819038391113,2096128,0.010468721389770508,36973,0.5402379035949707,2098175,0.0042858123779296875,11264,0.17070794105529785,2096128,0.0060350894927978516,31745,0.005302906036376953,16384,0.0019152164459228516,2048
list_sorted_64.txt,0.001,0.004866838455200195,1,0.0007450580596923828,2016,0.00047206878662109375,2016,0.00040912628173828125,2016,0.00018215179443359375,593,9.059906005859375e-06,63,9.393692016601562e-05,192,0.0002167224884033203,2016,5.2928924560546875e-05,321,0.0001461505889892578,256,6.508827209472656e-05,64
list_sorted_64.txt,0.01,0.014406919479370117,3,0.000843048095703125,2016,0.0004520416259765625,2016,0.00036787986755371094,2016,0.00017690658569335938,593,9.059906005859375e-06,63,9.226799011230469e-05,192,0.0001590251922607422,2016,3.790855407714844e-05,321,7.605552673339844e-05,256,5.1021575927734375e-05,64
list_sorted_64.txt,0.1,0.10236501693725586,26,0.0005471706390380859,2016,0.0003960132598876953,2016,0.0003871917724609375,2016,0.0001850128173828125,593,9.059906005859375e-06,63,0.0001537799835205078,192,0.00018215179443359375,2016,3.981590270996094e-05,321,7.987022399902344e-05,256,8.916854858398438e-05,64
list_sorted_64.txt,1,0.615898847579956,285,0.0006091594696044922,2016,0.00032591819763183594,2016,0.000408172607421875,2016,0.0001888275146484375,593,1.0013580322265625e-05,63,9.703636169433594e-05,192,0.00016689300537109375,2016,4.00543212890625e-05,321,8.082389831542969e-05,256,5.626678466796875e-05,64
list_sorted_64.txt,10,0.5755801200866699,285,0.0005769729614257812,2016,0.00032901763916015625,2016,0.0004229545593261719,2016,0.00019502639770507812,593,8.821487426757812e-06,63,9.894371032714844e-05,192,0.00017118453979492188,2016,4.076957702636719e-05,321,8.487701416015625e-05,256,5.7697296142578125e-05,64
list_few_duplicates_8.txt,0.001,0.0016291141510009766,9,0.00022292137145996094,17,1.52587890625e-05,22,1.0013580322265625e-05,28,5.602836608886719e-05,27,2.86102294921875e-06,8,5.817413330078125e-05,12,2.8133392333984375e-05,28,5.0067901611328125e-06,18,1.1920928955078125e-05,16,1.0013580322265625e-05,8
list_few_duplicates_8.txt,0.01,0.0018999576568603516,15,0.00014901161193847656,17,1.4781951904296875e-05,22,9.298324584960938e-06,28,1.621246337890625e-05,27,2.1457672119140625e-06,8,1.2874603271484375e-05,12,7.152557373046875e-06,28,4.76837158203125e-06,18,1.2159347534179688e-05,16,1.0013580322265625e-05,8
list_few_duplicates_8.txt,0.1,0.0024919509887695312,15,9.703636169433594e-05,17,3.600120544433594e-05,22,2.384185791015625e-05,28,3.0994415283203125e-05,27,2.1457672119140625e-06,8,1.2159347534179688e-05,12,5.9604644775390625e-06,28,4.0531158447265625e-06,18,1.0013580322265625e-05,16,1.0013580322265625e-05,8
list_few_duplicates_8.txt,1,0.0018808841705322266,15,0.00016021728515625,17,3.886222839355469e-05,22,1.0013580322265625e-05,28,3.0040740966796875e-05,27,3.0994415283203125e-06,8,1.3113021850585938e-05,12,5.9604644775390625e-06,28,4.291534423828125e-06,18,3.1948089599609375e-05,16,1.0728836059570312e-05,8
list_few_duplicates_8.txt,10,0.001795053482055664,15,0.00014901161193847656,17,1.4066696166992188e-05,22,8.106231689453125e-06,28,3.4809112548828125e-05,27,3.0994415283203125e-06,8,1.3113021850585938e-05,12,2.09808349609375e-05,28,2.47955322265625e-05,18,1.0967254638671875e-05,16,1.0013580322265625e-05,8
list_many_duplicates_256.txt,0.001,0.06566405296325684,1,0.0007219314575195312,2253,0.0004029273986816406,2304,0.0010280609130859375,4004,0.0009479522705078125,3325,0.0010280609130859375,4492,0.0009131431579589844,1731,0.0010807514190673828,12137,0.0009751319885253906,4240,0.0009043216705322266,1536,0.00032067298889160156,256
list_many_duplicates_256.txt,0.01,0.06485581398010254,1,0.0007040500640869141,2253,0.00047206878662109375,2304,0.007956981658935547,32640,0.0010378360748291016,3325,0.0036339759826660156,15789,0.0006108283996582031,1731,0.0026061534881591797,32640,0.0008749961853027344,4240,0.0004630088806152344,1536,0.00019621849060058594,256
list_many_duplicates_256.txt,0.1,0.12824106216430664,2,0.0007250308990478516,2253,0.00041103363037109375,2304,0.007943868637084961,32640,0.0014150142669677734,3325,0.0039010047912597656,15789,0.0006151199340820312,1731,0.0023970603942871094,32640,0.0009260177612304688,4240,0.0007610321044921875,1536,0.00023293495178222656,256
list_many_duplicates_256.txt,1,1.0399408340454102,17,0.0007069110870361328,2253,0.0006148815155029297,2304,0.008533954620361328,32640,0.001046895980834961,3325,0.004026889801025391,15789,0.0006310939788818359,1731,0.0025010108947753906,32640,0.0008933544158935547,4240,0.0004978179931640625,1536,0.00019979476928710938,256
list_many_duplicates_256.txt,10,10.044260740280151,164,0.0007669925689697266,2253,0.0005159378051757812,2304,0.008576154708862305,32640,0.0013780593872070312,3325,0.0037958621978759766,15789,0.0006170272827148438,1731,0.0028319358825683594,32640,0.0009169578552246094,4240,0.00043582916259765625,1536,0.00018286705017089844,256
list_sorted_256.txt,0.001,0.06256508827209473,1,0.001058816909790039,4674,0.0010461807250976562,6762,0.0010230541229248047,4988,0.001024007797241211,3196,3.314018249511719e-05,255,0.0005590915679931641,1024,0.0010268688201904297,14495,0.0005269050598144531,1793,0.0006039142608642578,1536,0.00020003318786621094,256
list_sorted_256.txt,0.01,0.0691068172454834,1,0.006512165069580078,32640,0.004703044891357422,32640,0.006803035736083984,32640,0.0010328292846679688,3452,3.361701965332031e-05,255,0.0004410743713378906,1024,0.0024797916412353516,32640,0.000225067138671875,1793,0.000453948974609375,1536,0.0002079010009765625,256
list_sorted_256.txt,0.1,0.1263418197631836,2,0.00675201416015625,32640,0.00519108772277832,32640,0.00818014144897461,32640,0.0012481212615966797,3452,3.409385681152344e-05,255,0.0009810924530029297,1024,0.002723217010498047,32640,0.0002219676971435547,1793,0.0004448890686035156,1536,0.00020503997802734375,256
list_sorted_256.txt,1,1.011056900024414,14,0.007969856262207031,32640,0.005589962005615234,32640,0.008121252059936523,32640,0.0012819766998291016,3452,4.100799560546875e-05,255,0.0005340576171875,1024,0.002877950668334961,32640,0.00026798248291015625,1793,0.000576019287109375,1536,0.0003380775451660156,256
list_sorted_256.txt,10,10.07920789718628,160,0.00977325439453125,32640,0.0068132877349853516,32640,0.008437871932983398,32640,0.0012819766998291016,3452,4.100799560546875e-05,255,0.0005459785461425781,1024,0.002958059310913086,32640,0.00028896331787109375,1793,0.0005588531494140625,1536,0.000263214111328125,256
list_random_32.txt,0.001,0.004418134689331055,1,0.00029206275939941406,125,0.00015497207641601562,125,0.00017404556274414062,496,9.202957153320312e-05,219,8.606910705566406e-05,274,0.000125885009765625,120,8.392333984375e-05,496,6.29425048828125e-05,192,8.916854858398438e-05,128,5.412101745605469e-05,32
list_random_32.txt,0.01,0.01227712631225586,7,0.00015497207641601562,125,4.7206878662109375e-05,125,0.0001480579376220703,496,8.7738037109375e-05,219,7.295608520507812e-05,274,7.033348083496094e-05,120,5.8650970458984375e-05,496,3.886222839355469e-05,192,5.602836608886719e-05,128,3.504753112792969e-05,32
list_random_32.txt,0.1,0.0830678939819336,119,0.00014519691467285156,125,4.696846008300781e-05,125,0.00014901161193847656,496,8.797645568847656e-05,219,7.200241088867188e-05,274,7.009506225585938e-05,120,5.817413330078125e-05,496,3.886222839355469e-05,192,5.507469177246094e-05,128,3.4809112548828125e-05,32
list_random_32.txt,1,0.07796692848205566,119,0.0001499652862548828,125,4.6253204345703125e-05,125,0.00014901161193847656,496,8.7738037109375e-05,219,7.295608520507812e-05,274,6.818771362304688e-05,120,5.7697296142578125e-05,496,3.814697265625e-05,192,5.507469177246094e-05,128,3.504753112792969e-05,32
list_random_32.txt,10,0.07753300666809082,119,0.0002129077911376953,125,4.696846008300781e-05,125,0.00014901161193847656,496,8.869171142578125e-05,219,8.392333984375e-05,274,6.914138793945312e-05,120,5.6743621826171875e-05,496,3.910064697265625e-05,192,5.5789947509765625e-05,128,3.504753112792969e-05,32
list_nearly_sorted_16.txt,0.001,0.001657247543334961,3,0.0001239776611328125,120,3.981590270996094e-05,120,3.1948089599609375e-05,120,4.00543212890625e-05,85,7.152557373046875e-06,24,2.8848648071289062e-05,35,1.6927719116210938e-05,120,1.1920928955078125e-05,58,3.314018249511719e-05,64,1.9073486328125e-05,16
list_nearly_sorted_16.txt,0.01,0.01001286506652832,45,0.0001437664031982422,120,4.00543212890625e-05,120,3.218650817871094e-05,120,4.029273986816406e-05,85,7.867813110351562e-06,24,3.0040740966796875e-05,35,1.7881393432617188e-05,120,1.1920928955078125e-05,58,3.314018249511719e-05,64,1.9073486328125e-05,16
list_nearly_sorted_16.txt,0.1,0.009910106658935547,45,0.00013875961303710938,120,4.00543212890625e-05,120,3.1948089599609375e-05,120,4.029273986816406e-05,85,6.9141387939453125e-06,24,2.9087066650390625e-05,35,1.7881393432617188e-05,120,1.2159347534179688e-05,58,3.314018249511719e-05,64,1.8835067749023438e-05,16
list_nearly_sorted_16.txt,1,0.010831117630004883,45,0.0001437664031982422,120,4.315376281738281e-05,120,3.504753112792969e-05,120,4.1961669921875e-05,85,6.9141387939453125e-06,24,3.0994415283203125e-05,35,1.8835067749023438e-05,120,1.2874603271484375e-05,58,3.3855438232421875e-05,64,2.09808349609375e-05,16
list_nearly_sorted_16.txt,10,0.0566859245300293,45,0.0001480579376220703,120,4.1961669921875e-05,120,3.409385681152344e-05,120,4.1961669921875e-05,85,6.9141387939453125e-06,24,3.0994415283203125e-05,35,2.002716064453125e-05,120,1.3113021850585938e-05,58,3.409385681152344e-05,64,2.09808349609375e-05,16
list_many_duplicates_2048.txt,0.001,0.03159809112548828,0,0.001096963882446289,5154,0.001046895980834961,8538,0.0010421276092529297,2844,0.001035928726196289,2433,0.0010371208190917969,3671,0.0017940998077392578,4784,0.001154184341430664,12267,0.0010380744934082031,4771,0.0010650157928466797,3125,0.0010409355163574219,2048
list_many_duplicates_2048.txt,0.01,0.026230812072753906,0,0.007563114166259766,28923,0.0060749053955078125,29207,0.010107994079589844,28024,0.010104179382324219,27841,0.01011800765991211,35573,0.008333683013916016,19918,0.01027989387512207,111100,0.010096073150634766,37405,0.004564046859741211,12288,0.0018019676208496094,2048
list_many_duplicates_2048.txt,0.1,4.09522819519043,1,0.007414102554321289,28923,0.00596928596496582,29207,0.10009026527404785,338536,0.012115001678466797,38749,0.10008883476257324,411573,0.006310939788818359,19918,0.10010123252868652,1299175,0.01609206199645996,66558,0.003757953643798828,12288,0.0018677711486816406,2048
list_many_duplicates_2048.txt,1,4.152856826782227,1,0.007473945617675781,28923,0.005892038345336914,29207,0.5304279327392578,2096128,0.011131763458251953,38749,0.2729799747467041,1043181,0.007275819778442383,19918,0.18683075904846191,2096128,0.01876997947692871,66558,0.004527091979980469,12288,0.0017180442810058594,2048
list_many_duplicates_2048.txt,10,12.833774089813232,3,0.0074748992919921875,28923,0.006296873092651367,29207,0.5619509220123291,2096128,0.011497974395751953,38749,0.2702047824859619,1043181,0.006342887878417969,19918,0.16626214981079102,2096128,0.016913890838623047,66558,0.0038640499114990234,12288,0.0017769336700439453,2048
list_few_duplicates_256.txt,0.001,0.06621217727661133,1,0.0008466243743896484,2211,0.00042891502380371094,2337,0.00102996826171875,3917,0.0010251998901367188,3236,0.001065969467163086,3499,0.0009307861328125,1722,0.0010449886322021484,12740,0.0010759830474853516,3157,0.0008401870727539062,1536,0.00020813941955566406,256
list_few_duplicates_256.txt,0.01,0.08728909492492676,1,0.0007059574127197266,2211,0.0004820823669433594,2337,0.009219169616699219,32640,0.0011560916900634766,3308,0.004559993743896484,16456,0.0007331371307373047,1722,0.002872943878173828,32640,0.001119852066040039,4471,0.0004868507385253906,1536,0.00022983551025390625,256
list_few_duplicates_256.txt,0.1,0.13410377502441406,2,0.0005910396575927734,2211,0.00045990943908691406,2337,0.009607076644897461,32640,0.001657724380493164,3308,0.00501561164855957,16456,0.0007007122039794922,1722,0.0028841495513916016,32640,0.0010538101196289062,4471,0.0005481243133544922,1536,0.0002522468566894531,256
list_few_duplicates_256.txt,1,1.0059609413146973,16,0.0006389617919921875,2211,0.0005192756652832031,2337,0.009205102920532227,32640,0.0009210109710693359,3308,0.003898143768310547,16456,0.0006089210510253906,1722,0.0029337406158447266,32640,0.0010180473327636719,4471,0.0004420280456542969,1536,0.00020503997802734375,256
list_few_duplicates_256.txt,10,10.056283235549927,158,0.000659942626953125,2211,0.0004298686981201172,2337,0.008431196212768555,32640,0.0009591579437255859,3308,0.003908872604370117,16456,0.0006129741668701172,1722,0.002457141876220703,32640,0.001051187515258789,4471,0.0005490779876708984,1536,0.00021910667419433594,256
list_many_duplicates_1024.txt,0.001,0.007111072540283203,0,0.0010349750518798828,5358,0.0010349750518798828,6336,0.0010449886322021484,2454,0.0010478496551513672,1875,0.0010271072387695312,3512,0.0017039775848388672,3718,0.0010731220245361328,8156,0.0010960102081298828,2976,0.001085042953491211,2709,0.0010340213775634766,1024
list_many_duplicates_1024.txt,0.01,1.140934944152832,1,0.0033788681030273438,13171,0.002831697463989258,13838,0.010061025619506836,29825,0.005820035934448242,17327,0.010074853897094727,36794,0.003342151641845703,8940,0.010102987289428711,111998,0.00539398193359375,21460,0.002232789993286133,6144,0.0008461475372314453,1024
list_many_duplicates_1024.txt,0.1,1.261826992034912,1,0.003374814987182617,13171,0.0028209686279296875,13838,0.10009074211120605,332747,0.005545854568481445,17327,0.07035398483276367,255885,0.0028848648071289062,8940,0.04929518699645996,523776,0.005172014236450195,21460,0.0020759105682373047,6144,0.0007040500640869141,1024
list_many_duplicates_1024.txt,1,1.0327880382537842,1,0.003401041030883789,13171,0.0028569698333740234,13838,0.1444849967956543,523776,0.005248069763183594,17327,0.0686798095703125,255885,0.0028400421142578125,8940,0.04093217849731445,523776,0.004694223403930664,21460,0.0018928050994873047,6144,0.0007350444793701172,1024
list_many_duplicates_1024.txt,10,10.928490161895752,10,0.0030260086059570312,13171,0.0028519630432128906,13838,0.15265893936157227,523776,0.005196809768676758,17327,0.06530213356018066,255885,0.0028319358825683594,8940,0.04068708419799805,523776,0.00518488883972168,21460,0.00400996208190918,6144,0.0009620189666748047,1024
list_no_duplicates_256.txt,0.001,0.06304001808166504,1,0.000576019287109375,1882,0.0006337165832519531,1882,0.0010612010955810547,2925,0.0010309219360351562,3100,0.0010271072387695312,4097,0.000972747802734375,1712,0.0010423660278320312,11319,0.0010540485382080078,3373,0.0007486343383789062,1536,0.00026607513427734375,256
list_no_duplicates_256.txt,0.01,0.06577110290527344,1,0.0005631446838378906,1882,0.0003657341003417969,1882,0.008442163467407227,32640,0.0009458065032958984,3306,0.003618001937866211,16071,0.0005908012390136719,1712,0.0023810863494873047,32640,0.0007498264312744141,3375,0.0004851818084716797,1536,0.0002071857452392578,256
list_no_duplicates_256.txt,0.1,0.13335609436035156,2,0.0006809234619140625,1882,0.0004711151123046875,1882,0.010516166687011719,32640,0.0009479522705078125,3306,0.0045888423919677734,16071,0.0006358623504638672,1712,0.003324747085571289,32640,0.0006399154663085938,3375,0.0004432201385498047,1536,0.00020599365234375,256
list_no_duplicates_256.txt,1,1.014082670211792,15,0.0006299018859863281,1882,0.00040602684020996094,1882,0.009469985961914062,32640,0.0011856555938720703,3306,0.0047149658203125,16071,0.0007359981536865234,1712,0.002864837646484375,32640,0.0007557868957519531,3375,0.0005640983581542969,1536,0.00026416778564453125,256
list_no_duplicates_256.txt,10,10.0244300365448,154,0.0007817745208740234,1882,0.0005581378936767578,1882,0.008649110794067383,32640,0.0011248588562011719,3306,0.003979921340942383,16071,0.0006127357482910156,1712,0.0024662017822265625,32640,0.0006289482116699219,3375,0.0004711151123046875,1536,0.0002200603485107422,256
list_no_duplicates_32.txt,0.001,0.0020291805267333984,1,0.0003399848937988281,176,0.00011110305786132812,176,0.0002048015594482422,496,0.00011301040649414062,223,0.0001399517059326172,235,5.817413330078125e-05,121,4.792213439941406e-05,496,7.390975952148438e-05,185,0.00010514259338378906,128,5.316734313964844e-05,32
list_no_duplicates_32.txt,0.01,0.011722803115844727,8,0.00017380714416503906,176,7.510185241699219e-05,176,0.0001442432403564453,496,7.772445678710938e-05,223,5.3882598876953125e-05,235,6.198883056640625e-05,121,5.1021575927734375e-05,496,3.2901763916015625e-05,185,4.935264587402344e-05,128,2.9802322387695312e-05,32
list_no_duplicates_32.txt,0.1,0.08162617683410645,122,0.00015687942504882812,176,4.792213439941406e-05,176,0.00014019012451171875,496,8.916854858398438e-05,223,6.127357482910156e-05,235,6.890296936035156e-05,121,5.817413330078125e-05,496,3.6716461181640625e-05,185,5.507469177246094e-05,128,3.504753112792969e-05,32
list_no_duplicates_32.txt,1,0.08385586738586426,122,0.00020813941955566406,176,6.103515625e-05,176,0.0002002716064453125,496,7.677078247070312e-05,223,5.2928924560546875e-05,235,5.91278076171875e-05,121,4.887580871582031e-05,496,3.1948089599609375e-05,185,4.792213439941406e-05,128,3.0994415283203125e-05,32
list_no_duplicates_32.txt,10,0.07676029205322266,122,0.00020575523376464844,176,4.291534423828125e-05,176,0.0001308917999267578,496,0.00012493133544921875,223,5.602836608886719e-05,235,6.29425048828125e-05,121,5.1975250244140625e-05,496,3.314018249511719e-05,185,4.982948303222656e-05,128,3.1948089599609375e-05,32
list_random_8.txt,0.001,0.0016160011291503906,9,0.00012183189392089844,24,1.2159347534179688e-05,24,1.0013580322265625e-05,28,1.5974044799804688e-05,26,5.9604644775390625e-06,19,1.430511474609375e-05,15,5.9604644775390625e-06,28,6.9141387939453125e-06,27,1.1920928955078125e-05,16,9.775161743164062e-06,8
list_random_8.txt,0.01,0.001934051513671875,16,0.00014090538024902344,24,1.1920928955078125e-05,24,1.0013580322265625e-05,28,4.291534423828125e-05,26,2.7894973754882812e-05,19,2.8848648071289062e-05,15,7.152557373046875e-06,28,6.9141387939453125e-06,27,1.2159347534179688e-05,16,1.0967254638671875e-05,8
list_random_8.txt,0.1,0.001965045928955078,16,0.00018024444580078125,24,1.2159347534179688e-05,24,1.0013580322265625e-05,28,1.71661376953125e-05,26,5.0067901611328125e-06,19,1.5020370483398438e-05,15,7.152557373046875e-06,28,6.9141387939453125e-06,27,1.1920928955078125e-05,16,1.0013580322265625e-05,8
list_random_8.txt,1,0.0022132396697998047,16,0.00015878677368164062,24,1.3113021850585938e-05,24,3.504753112792969e-05,28,1.8835067749023438e-05,26,3.0040740966796875e-05,19,4.887580871582031e-05,15,6.9141387939453125e-06,28,7.152557373046875e-06,27,1.1920928955078125e-05,16,1.0967254638671875e-05,8
list_random_8.txt,10,0.002396106719970703,16,8.797645568847656e-05,24,1.2159347534179688e-05,24,1.0967254638671875e-05,28,1.5735626220703125e-05,26,5.9604644775390625e-06,19,1.4781951904296875e-05,15,7.152557373046875e-06,28,6.9141387939453125e-06,27,1.2159347534179688e-05,16,1.0967254638671875e-05,8
list_reversed_32.txt,0.001,0.0017211437225341797,1,0.0003571510314941406,496,0.00011587142944335938,496,0.00017213821411132812,496,7.081031799316406e-05,202,0.00013208389282226562,527,5.2928924560546875e-05,80,5.2928924560546875e-05,496,5.602836608886719e-05,209,4.9114227294921875e-05,128,3.0994415283203125e-05,32
list_reversed_32.txt,0.01,0.010841131210327148,9,0.0003921985626220703,496,0.00017714500427246094,496,0.00018310546875,496,7.009506225585938e-05,202,0.00013017654418945312,527,5.2928924560546875e-05,80,5.1975250244140625e-05,496,3.814697265625e-05,209,4.9114227294921875e-05,128,3.1948089599609375e-05,32
list_reversed_32.txt,0.1,0.07437276840209961,114,0.00022602081298828125,496,0.00013899803161621094,496,0.0001850128173828125,496,7.82012939453125e-05,202,0.0001442432403564453,527,5.888938903808594e-05,80,5.91278076171875e-05,496,4.315376281738281e-05,209,5.507469177246094e-05,128,3.504753112792969e-05,32
list_reversed_32.txt,1,0.07690286636352539,114,0.0002880096435546875,496,8.869171142578125e-05,496,0.0001659393310546875,496,7.510185241699219e-05,202,0.0001697540283203125,527,5.507469177246094e-05,80,5.3882598876953125e-05,496,4.00543212890625e-05,209,5.316734313964844e-05,128,5.1975250244140625e-05,32
list_reversed_32.txt,10,0.07645106315612793,114,0.0004937648773193359,496,0.0001919269561767578,496,0.0002040863037109375,496,8.988380432128906e-05,202,0.00019621849060058594,527,9.512901306152344e-05,80,7.200241088867188e-05,496,5.698204040527344e-05,209,7.033348083496094e-05,128,7.390975952148438e-05,32
list_many_duplicates_32.txt,0.001,0.0027120113372802734,1,0.00030493736267089844,146,0.0001308917999267578,152,0.0002658367156982422,496,0.00017189979553222656,223,0.000125885009765625,263,0.00013709068298339844,121,0.00010919570922851562,496,9.226799011230469e-05,186,5.602836608886719e-05,128,3.0994415283203125e-05,32
list_many_duplicates_32.txt,0.01,0.012275934219360352,8,0.0003809928894042969,146,7.891654968261719e-05,152,0.00016188621520996094,496,8.702278137207031e-05,223,6.890296936035156e-05,263,7.033348083496094e-05,121,5.6743621826171875e-05,496,3.814697265625e-05,186,5.5789947509765625e-05,128,3.1948089599609375e-05,32
list_many_duplicates_32.txt,0.1,0.08607697486877441,123,0.0001533031463623047,146,4.982948303222656e-05,152,0.0001468658447265625,496,8.606910705566406e-05,223,6.890296936035156e-05,263,6.914138793945312e-05,121,5.6743621826171875e-05,496,3.719329833984375e-05,186,5.4836273193359375e-05,128,3.0994415283203125e-05,32
list_many_duplicates_32.txt,1,0.08340597152709961,123,0.00014901161193847656,146,5.1021575927734375e-05,152,0.00015282630920410156,496,8.821487426757812e-05,223,7.104873657226562e-05,263,7.104873657226562e-05,121,5.698204040527344e-05,496,3.719329833984375e-05,186,5.6743621826171875e-05,128,3.2901763916015625e-05,32
list_many_duplicates_32.txt,10,0.07878518104553223,123,0.0001850128173828125,146,4.38690185546875e-05,152,0.00023984909057617188,496,7.82012939453125e-05,223,6.29425048828125e-05,263,6.198883056640625e-05,121,5.1021575927734375e-05,496,3.314018249511719e-05,186,4.982948303222656e-05,128,2.8848648071289062e-05,32
list_reversed_256.txt,0.001,0.07277584075927734,1,0.0010769367218017578,4437,0.0010559558868408203,8550,0.0011022090911865234,2963,0.001055002212524414,2909,0.0010361671447753906,3688,0.0005388259887695312,1024,0.00104522705078125,10904,0.0005660057067871094,2817,0.0005440711975097656,1536,0.0002498626708984375,256
list_reversed_256.txt,0.01,0.06963992118835449,1,0.005433797836303711,32640,0.003692150115966797,32640,0.009485006332397461,32640,0.0009248256683349609,3106,0.008033990859985352,32895,0.00047516822814941406,1024,0.0027637481689453125,32640,0.0005421638488769531,2817,0.0004742145538330078,1536,0.00022101402282714844,256
list_reversed_256.txt,0.1,0.15165328979492188,2,0.005380868911743164,32640,0.0036520957946777344,32640,0.00940084457397461,32640,0.000926971435546875,3106,0.008191108703613281,32895,0.0004749298095703125,1024,0.0025992393493652344,32640,0.00049591064453125,2817,0.0004711151123046875,1536,0.00021886825561523438,256
list_reversed_256.txt,1,1.051232099533081,16,0.006063222885131836,32640,0.003511190414428711,32640,0.012264013290405273,32640,0.001306772232055664,3106,0.010732889175415039,32895,0.0005519390106201172,1024,0.0030052661895751953,32640,0.0005769729614257812,2817,0.0005550384521484375,1536,0.00026106834411621094,256
list_reversed_256.txt,10,10.04051399230957,155,0.005514860153198242,32640,0.004548072814941406,32640,0.010757207870483398,32640,0.0009038448333740234,3106,0.00909280776977539,32895,0.0005359649658203125,1024,0.0029447078704833984,32640,0.0005743503570556641,2817,0.000553131103515625,1536,0.00026106834411621094,256
list_nearly_sorted_64.txt,0.001,0.00545811653137207,1,0.0004012584686279297,899,0.0009357929229736328,899,0.0004899501800537109,2016,0.0002238750457763672,590,5.888938903808594e-05,239,0.000141143798828125,275,0.00020384788513183594,2016,8.702278137207031e-05,445,9.799003601074219e-05,256,6.699562072753906e-05,64
list_nearly_sorted_64.txt,0.01,0.014703750610351562,3,0.00038886070251464844,899,0.00019812583923339844,899,0.0004937648773193359,2016,0.00022292137145996094,590,6.103515625e-05,239,0.00014090538024902344,275,0.00020599365234375,2016,8.702278137207031e-05,445,9.703636169433594e-05,256,6.604194641113281e-05,64
list_nearly_sorted_64.txt,0.1,0.14016103744506836,16,0.000370025634765625,899,0.0001990795135498047,899,0.0004911422729492188,2016,0.00022292137145996094,590,5.91278076171875e-05,239,0.00014066696166992188,275,0.00020384788513183594,2016,9.012222290039062e-05,445,9.799003601074219e-05,256,6.604194641113281e-05,64
list_nearly_sorted_64.txt,1,0.7776546478271484,310,0.0005660057067871094,899,0.00024509429931640625,899,0.0005309581756591797,2016,0.0002319812774658203,590,6.079673767089844e-05,239,0.00014209747314453125,275,0.0002067089080810547,2016,8.797645568847656e-05,445,0.00010204315185546875,256,6.866455078125e-05,64
list_nearly_sorted_64.txt,10,0.73974609375,310,0.0003578662872314453,899,0.00019812583923339844,899,0.0005137920379638672,2016,0.00022912025451660156,590,6.079673767089844e-05,239,0.00014209747314453125,275,0.00020694732666015625,2016,8.916854858398438e-05,445,0.00010275840759277344,256,6.890296936035156e-05,64
list_many_duplicates_8.txt,0.001,0.0015790462493896484,8,0.0001289844512939453,21,1.5020370483398438e-05,18,1.1205673217773438e-05,28,1.6927719116210938e-05,27,5.245208740234375e-06,16,1.71661376953125e-05,17,6.9141387939453125e-06,28,5.9604644775390625e-06,21,1.3113021850585938e-05,16,1.0967254638671875e-05,8
list_many_duplicates_8.txt,0.01,0.002187013626098633,16,9.894371032714844e-05,21,1.5020370483398438e-05,18,1.0967254638671875e-05,28,1.621246337890625e-05,27,6.198883056640625e-06,16,1.6927719116210938e-05,17,6.9141387939453125e-06,28,6.198883056640625e-06,21,1.3828277587890625e-05,16,1.0967254638671875e-05,8
list_many_duplicates_8.txt,0.1,0.0022292137145996094,16,0.00011181831359863281,21,1.5020370483398438e-05,18,1.1920928955078125e-05,28,1.6927719116210938e-05,27,5.9604644775390625e-06,16,1.811981201171875e-05,17,7.867813110351562e-06,28,5.7220458984375e-06,21,1.2874603271484375e-05,16,1.1920928955078125e-05,8
list_many_duplicates_8.txt,1,0.0022399425506591797,16,9.417533874511719e-05,21,1.52587890625e-05,18,1.1920928955078125e-05,28,1.6927719116210938e-05,27,6.198883056640625e-06,16,1.621246337890625e-05,17,7.867813110351562e-06,28,5.7220458984375e-06,21,1.3113021850585938e-05,16,1.1920928955078125e-05,8
list_many_duplicates_8.txt,10,0.0022017955780029297,16,9.799003601074219e-05,21,1.4781951904296875e-05,18,1.1920928955078125e-05,28,1.5974044799804688e-05,27,6.9141387939453125e-06,16,1.6927719116210938e-05,17,7.867813110351562e-06,28,7.152557373046875e-06,21,1.3828277587890625e-05,16,1.1920928955078125e-05,8
list_sorted_16.txt,0.001,0.0016031265258789062,3,0.00012302398681640625,120,4.1961669921875e-05,120,3.0994415283203125e-05,120,4.00543212890625e-05,85,4.0531158447265625e-06,15,2.6702880859375e-05,32,1.7881393432617188e-05,120,9.059906005859375e-06,49,3.1948089599609375e-05,64,1.8835067749023438e-05,16
list_sorted_16.txt,0.01,0.01043391227722168,43,0.0001499652862548828,120,4.1961669921875e-05,120,3.1948089599609375e-05,120,4.124641418457031e-05,85,4.0531158447265625e-06,15,3.0040740966796875e-05,32,1.8835067749023438e-05,120,9.298324584960938e-06,49,3.409385681152344e-05,64,2.002716064453125e-05,16
list_sorted_16.txt,0.1,0.010336875915527344,43,0.00020599365234375,120,4.38690185546875e-05,120,3.1948089599609375e-05,120,4.100799560546875e-05,85,5.0067901611328125e-06,15,2.8848648071289062e-05,32,1.9311904907226562e-05,120,1.0013580322265625e-05,49,3.3855438232421875e-05,64,1.9073486328125e-05,16
list_sorted_16.txt,1,0.010364055633544922,43,0.0001380443572998047,120,4.315376281738281e-05,120,3.314018249511719e-05,120,4.1961669921875e-05,85,3.814697265625e-06,15,2.9802322387695312e-05,32,1.9311904907226562e-05,120,9.298324584960938e-06,49,3.504753112792969e-05,64,2.09808349609375e-05,16
list_sorted_16.txt,10,0.010260343551635742,43,0.00014734268188476562,120,4.291534423828125e-05,120,3.2901763916015625e-05,120,4.220008850097656e-05,85,4.0531158447265625e-06,15,3.0040740966796875e-05,32,1.7881393432617188e-05,120,8.821487426757812e-06,49,3.504753112792969e-05,64,8.487701416015625e-05,16
list_nearly_sorted_512.txt,0.001,0.008512020111083984,0,0.0010647773742675781,4449,0.0010638236999511719,5990,0.001055002212524414,2878,0.001039266586303711,2720,0.0010323524475097656,3714,0.001416921615600586,3194,0.0010807514190673828,11500,0.0010602474212646484,4492,0.0010461807250976562,2838,0.0005350112915039062,512
list_nearly_sorted_512.txt,0.01,0.30802202224731445,1,0.0018718242645263672,6886,0.0012409687042236328,6886,0.010104656219482422,35073,0.002820253372192383,7890,0.004848003387451172,16820,0.0015480518341064453,3588,0.010121822357177734,109288,0.0018970966339111328,7690,0.0011248588562011719,3072,0.0005738735198974609,512
list_nearly_sorted_512.txt,0.1,0.3001840114593506,1,0.0018579959869384766,6886,0.0011951923370361328,6886,0.03275179862976074,130816,0.0027871131896972656,7890,0.004723787307739258,16820,0.0014679431915283203,3588,0.012775897979736328,130816,0.0017910003662109375,7690,0.0011200904846191406,3072,0.0005617141723632812,512
list_nearly_sorted_512.txt,1,1.188467025756836,4,0.0018301010131835938,6886,0.0012166500091552734,6886,0.035370826721191406,130816,0.00286102294921875,7890,0.005136966705322266,16820,0.001481771469116211,3588,0.012139081954956055,130816,0.0018668174743652344,7690,0.0011577606201171875,3072,0.0005581378936767578,512
list_nearly_sorted_512.txt,10,10.129505157470703,37,0.0016169548034667969,6886,0.0011861324310302734,6886,0.0313410758972168,130816,0.0023119449615478516,7890,0.004147768020629883,16820,0.0011589527130126953,3588,0.009886980056762695,130816,0.0015139579772949219,7690,0.0010249614715576172,3072,0.0005538463592529297,512
list_nearly_sorted_128.txt,0.001,0.02166914939880371,1,0.0007238388061523438,1951,0.0004017353057861328,1951,0.001027822494506836,4904,0.0006592273712158203,1453,0.000263214111328125,1177,0.0002570152282714844,635,0.0006568431854248047,8128,0.00020194053649902344,1155,0.00023293495178222656,768,0.000125885009765625,128
list_nearly_sorted_128.txt,0.01,0.01915287971496582,1,0.0007610321044921875,1951,0.0003199577331542969,1951,0.0018887519836425781,8128,0.000492095947265625,1453,0.0002732276916503906,1177,0.00044274330139160156,635,0.0006749629974365234,8128,0.000308990478515625,1155,0.00044608116149902344,768,0.00010800361633300781,128
list_nearly_sorted_128.txt,0.1,0.11493825912475586,7,0.0005908012390136719,1951,0.0002961158752441406,1951,0.0016601085662841797,8128,0.00043964385986328125,1453,0.00026297569274902344,1177,0.00025391578674316406,635,0.0006299018859863281,8128,0.00019598007202148438,1155,0.00022792816162109375,768,0.00010704994201660156,128
list_nearly_sorted_128.txt,1,1.013408899307251,61,0.0005409717559814453,1951,0.00029206275939941406,1951,0.0017008781433105469,8128,0.0005190372467041016,1453,0.00026416778564453125,1177,0.0002498626708984375,635,0.0006220340728759766,8128,0.00019407272338867188,1155,0.00023317337036132812,768,0.00010991096496582031,128
list_nearly_sorted_128.txt,10,5.752833843231201,726,0.0005838871002197266,1951,0.0004127025604248047,1951,0.0017039775848388672,8128,0.00043010711669921875,1453,0.0002570152282714844,1177,0.00024509429931640625,635,0.0009090900421142578,8128,0.0003509521484375,1155,0.0004050731658935547,768,0.00010704994201660156,128
list_random_256.txt,0.001,0.06573891639709473,1,0.0005860328674316406,1888,0.0003249645233154297,1888,0.0010280609130859375,3753,0.001001119613647461,3317,0.0010259151458740234,4495,0.0008611679077148438,1722,0.0010840892791748047,12740,0.0009729862213134766,3536,0.0006310939788818359,1536,0.00020503997802734375,256
list_random_256.txt,0.01,0.06586885452270508,1,0.0005748271942138672,1888,0.00044417381286621094,1888,0.009078025817871094,32640,0.0009801387786865234,3317,0.003970146179199219,16744,0.0006189346313476562,1722,0.002404928207397461,32640,0.0006542205810546875,3536,0.0005669593811035156,1536,0.00021004676818847656,256
list_random_256.txt,0.1,0.13599109649658203,2,0.0014579296112060547,1888,0.0009579658508300781,1888,0.014499664306640625,32640,0.0016698837280273438,3317,0.004629850387573242,16744,0.0007297992706298828,1722,0.045716047286987305,32640,0.0009670257568359375,3536,0.0005850791931152344,1536,0.0003559589385986328,256
list_random_256.txt,1,1.047072172164917,13,0.0005509853363037109,1888,0.0003466606140136719,1888,0.008898019790649414,32640,0.0011546611785888672,3317,0.004311084747314453,16744,0.0008139610290527344,1722,0.0025930404663085938,32640,0.0007050037384033203,3536,0.0004889965057373047,1536,0.00023031234741210938,256
list_random_256.txt,10,10.053842782974243,153,0.0008387565612792969,1888,0.0005009174346923828,1888,0.009949207305908203,32640,0.0010259151458740234,3317,0.004163980484008789,16744,0.0006039142608642578,1722,0.002777099609375,32640,0.0006570816040039062,3536,0.0004570484161376953,1536,0.00021696090698242188,256
list_few_duplicates_64.txt,0.001,0.0054509639739990234,1,0.00043487548828125,350,8.797645568847656e-05,325,0.0004937648773193359,2016,0.00017714500427246094,573,0.000202178955078125,926,0.0001239776611328125,304,0.0001671314239501953,2016,0.00014781951904296875,621,8.130073547363281e-05,256,5.3882598876953125e-05,64
list_few_duplicates_64.txt,0.01,0.014697074890136719,3,0.0002009868621826172,350,8.606910705566406e-05,325,0.000560760498046875,2016,0.00021505355834960938,573,0.000247955322265625,926,0.0001499652862548828,304,0.00020384788513183594,2016,0.00013709068298339844,621,9.703636169433594e-05,256,6.723403930664062e-05,64
list_few_duplicates_64.txt,0.1,0.1017007827758789,24,0.00017213821411132812,350,0.00010085105895996094,325,0.0005841255187988281,2016,0.0001800060272216797,573,0.00026106834411621094,926,0.00012803077697753906,304,0.00016999244689941406,2016,0.00011491775512695312,621,8.177757263183594e-05,256,5.507469177246094e-05,64
list_few_duplicates_64.txt,1,0.6736788749694824,309,0.00038909912109375,350,0.00011396408081054688,325,0.0005419254302978516,2016,0.00017881393432617188,573,0.0002110004425048828,926,0.0001251697540283203,304,0.00016617774963378906,2016,0.0001862049102783203,621,8.296966552734375e-05,256,5.6743621826171875e-05,64
list_few_duplicates_64.txt,10,0.6444039344787598,309,0.0003008842468261719,350,0.00011801719665527344,325,0.0005769729614257812,2016,0.0001800060272216797,573,0.0005109310150146484,926,0.0001418590545654297,304,0.00016880035400390625,2016,0.00015306472778320312,621,0.00014901161193847656,256,8.082389831542969e-05,64
list_reversed_512.txt,0.001,0.2644460201263428,1,0.0010569095611572266,6565,0.0010309219360351562,9045,0.0010249614715576172,3245,0.0010256767272949219,3643,0.0011169910430908203,2287,0.0013942718505859375,1984,0.0011229515075683594,8056,0.0010449886322021484,4068,0.0009510517120361328,3072,0.0005359649658203125,512
list_reversed_512.txt,0.01,0.2625110149383545,1,0.010093212127685547,56896,0.01010894775390625,90630,0.010075092315673828,29083,0.0023169517517089844,7203,0.010280847549438477,30303,0.0011970996856689453,2304,0.010107755661010742,105165,0.001753091812133789,6401,0.0010631084442138672,3072,0.0004911422729492188,512
list_reversed_512.txt,0.1,0.3783149719238281,1,0.028109073638916016,130816,0.018780231475830078,130816,0.0487668514251709,130816,0.0024499893188476562,7203,0.04182004928588867,131327,0.0012531280517578125,2304,0.01277613639831543,130816,0.001399993896484375,6401,0.0011451244354248047,3072,0.0005481243133544922,512
list_reversed_512.txt,1,1.2532892227172852,4,0.027105093002319336,130816,0.018400907516479492,130816,0.05180621147155762,130816,0.002476930618286133,7203,0.03957986831665039,131327,0.0011680126190185547,2304,0.012643098831176758,130816,0.0014090538024902344,6401,0.0011491775512695312,3072,0.0005578994750976562,512
list_reversed_512.txt,10,10.07259225845337,35,0.021353960037231445,130816,0.015427112579345703,130816,0.046376943588256836,130816,0.002035856246948242,7203,0.034085750579833984,131327,0.0009839534759521484,2304,0.010774850845336914,130816,0.0011811256408691406,6401,0.0009548664093017578,3072,0.0004658699035644531,512
list_sorted_8.txt,0.001,0.0016341209411621094,9,0.00013327598571777344,28,3.2901763916015625e-05,28,8.821487426757812e-06,28,6.103515625e-05,27,1.9073486328125e-06,7,1.4066696166992188e-05,12,6.9141387939453125e-06,28,4.0531158447265625e-06,17,1.2159347534179688e-05,16,1.0967254638671875e-05,8
list_sorted_8.txt,0.01,0.0016679763793945312,14,0.0001518726348876953,28,1.71661376953125e-05,28,9.059906005859375e-06,28,1.6927719116210938e-05,27,2.1457672119140625e-06,7,1.2874603271484375e-05,12,6.9141387939453125e-06,28,5.245208740234375e-06,17,1.0967254638671875e-05,16,1.0013580322265625e-05,8
list_sorted_8.txt,0.1,0.0019698143005371094,14,0.00015401840209960938,28,5.316734313964844e-05,28,8.821487426757812e-06,28,3.886222839355469e-05,27,2.1457672119140625e-06,7,1.2874603271484375e-05,12,7.152557373046875e-06,28,3.814697265625e-06,17,2.7894973754882812e-05,16,3.1948089599609375e-05,8
list_sorted_8.txt,1,0.0019941329956054688,14,0.00012302398681640625,28,2.002716064453125e-05,28,1.0013580322265625e-05,28,2.002716064453125e-05,27,2.1457672119140625e-06,7,1.5020370483398438e-05,12,7.867813110351562e-06,28,5.245208740234375e-06,17,1.3113021850585938e-05,16,1.0967254638671875e-05,8
list_sorted_8.txt,10,0.0018301010131835938,14,8.702278137207031e-05,28,1.7881393432617188e-05,28,1.0013580322265625e-05,28,1.7881393432617188e-05,27,2.86102294921875e-06,7,1.4066696166992188e-05,12,6.9141387939453125e-06,28,3.814697265625e-06,17,1.2159347534179688e-05,16,2.5987625122070312e-05,8
list_no_duplicates_128.txt,0.001,0.017763137817382812,1,0.0003578662872314453,832,0.00020194053649902344,832,0.0010330677032470703,3551,0.0004489421844482422,1377,0.0010287761688232422,3849,0.00033211708068847656,741,0.0007381439208984375,8128,0.0003249645233154297,1462,0.00028395652770996094,768,0.00012493133544921875,128
list_no_duplicates_128.txt,0.01,0.018163204193115234,1,0.00029087066650390625,832,0.00016307830810546875,832,0.0019278526306152344,8128,0.0005109310150146484,1377,0.0010709762573242188,4406,0.0004189014434814453,741,0.0009739398956298828,8128,0.00026988983154296875,1462,0.00023031234741210938,768,0.00010704994201660156,128
list_no_duplicates_128.txt,0.1,0.11488580703735352,7,0.0003421306610107422,832,0.00020194053649902344,832,0.0019979476928710938,8128,0.0004811286926269531,1377,0.0010890960693359375,4406,0.0003821849822998047,741,0.0006330013275146484,8128,0.00026988983154296875,1462,0.00023317337036132812,768,0.00010657310485839844,128
list_no_duplicates_128.txt,1,1.0093109607696533,62,0.0004012584686279297,832,0.0002570152282714844,832,0.001920938491821289,8128,0.0003981590270996094,1377,0.0011749267578125,4406,0.00027298927307128906,741,0.0010008811950683594,8128,0.0003452301025390625,1462,0.00022912025451660156,768,0.00010704994201660156,128
list_no_duplicates_128.txt,10,5.8233442306518555,749,0.0004830360412597656,832,0.00021696090698242188,832,0.0022449493408203125,8128,0.0004439353942871094,1377,0.0010988712310791016,4406,0.00029730796813964844,741,0.0009660720825195312,8128,0.00046896934509277344,1462,0.0002529621124267578,768,0.0001201629638671875,128
list_sorted_32.txt,0.001,0.0023949146270751953,1,0.0002129077911376953,496,0.0001347064971923828,496,0.00012803077697753906,496,8.296966552734375e-05,231,5.9604644775390625e-06,31,5.0067901611328125e-05,80,5.0067901611328125e-05,496,1.7881393432617188e-05,129,4.792213439941406e-05,128,3.0994415283203125e-05,32
list_sorted_32.txt,0.01,0.011122941970825195,9,0.00024175643920898438,496,0.0001270771026611328,496,0.00012183189392089844,496,9.417533874511719e-05,231,6.198883056640625e-06,31,5.793571472167969e-05,80,5.817413330078125e-05,496,2.09808349609375e-05,129,5.6743621826171875e-05,128,3.504753112792969e-05,32
list_sorted_32.txt,0.1,0.07324814796447754,111,0.0005209445953369141,496,0.000164031982421875,496,0.00021600723266601562,496,0.0001239776611328125,231,6.9141387939453125e-06,31,8.702278137207031e-05,80,7.82012939453125e-05,496,3.886222839355469e-05,129,0.00010919570922851562,128,5.0067901611328125e-05,32
list_sorted_32.txt,1,0.07621192932128906,111,0.0003058910369873047,496,0.00014901161193847656,496,0.00018310546875,496,0.00017118453979492188,231,2.09808349609375e-05,31,4.935264587402344e-05,80,4.8160552978515625e-05,496,1.7881393432617188e-05,129,4.7206878662109375e-05,128,3.0994415283203125e-05,32
list_sorted_32.txt,10,0.07055997848510742,111,0.0003688335418701172,496,0.0001068115234375,496,0.00017213821411132812,496,8.177757263183594e-05,231,5.9604644775390625e-06,31,5.030632019042969e-05,80,4.887580871582031e-05,496,1.6927719116210938e-05,129,4.8160552978515625e-05,128,3.0994415283203125e-05,32
list_reversed_128.txt,0.001,0.018902063369750977,1,0.0010540485382080078,4968,0.0010402202606201172,7663,0.00102996826171875,2978,0.00045108795166015625,1294,0.0010311603546142578,3493,0.0002529621124267578,448,0.0008020401000976562,8128,0.0002560615539550781,1217,0.00032329559326171875,768,0.00013017654418945312,128
list_reversed_128.txt,0.01,0.019103050231933594,1,0.0017199516296386719,8128,0.0010859966278076172,8128,0.002668142318725586,8128,0.0004532337188720703,1294,0.0022859573364257812,8255,0.0002570152282714844,448,0.0007829666137695312,8128,0.0002460479736328125,1217,0.0002722740173339844,768,0.00012803077697753906,128
list_reversed_128.txt,0.1,0.10352897644042969,6,0.002428770065307617,8128,0.0015659332275390625,8128,0.0035448074340820312,8128,0.0004820823669433594,1294,0.0031239986419677734,8255,0.0003159046173095703,448,0.0009949207305908203,8128,0.0003299713134765625,1217,0.0004100799560546875,768,0.00021719932556152344,128
list_reversed_128.txt,1,1.0141220092773438,64,0.0014939308166503906,8128,0.0011031627655029297,8128,0.0025229454040527344,8128,0.00036907196044921875,1294,0.002176046371459961,8255,0.00020599365234375,448,0.0006210803985595703,8128,0.00020122528076171875,1217,0.00022482872009277344,768,0.00010704994201660156,128
list_reversed_128.txt,10,5.514120101928711,705,0.0015521049499511719,8128,0.001096963882446289,8128,0.0021479129791259766,8128,0.0004298686981201172,1294,0.0029370784759521484,8255,0.0004563331604003906,448,0.0012080669403076172,8128,0.00019884109497070312,1217,0.00033211708068847656,768,0.00010395050048828125,128
list_random_64.txt,0.001,0.006407976150512695,1,0.0002751350402832031,406,7.987022399902344e-05,406,0.00047087669372558594,2016,0.00023508071899414062,571,0.00037217140197753906,1116,0.0001220703125,295,0.00016927719116210938,2016,0.00016379356384277344,694,8.130073547363281e-05,256,5.3882598876953125e-05,64
list_random_64.txt,0.01,0.014312982559204102,3,0.000537872314453125,406,0.0001251697540283203,406,0.0005702972412109375,2016,0.0002949237823486328,571,0.00024819374084472656,1116,0.00012183189392089844,295,0.0001690387725830078,2016,0.00013017654418945312,694,8.0108642578125e-05,256,5.412101745605469e-05,64
list_random_64.txt,0.1,0.10598516464233398,25,0.0002970695495605469,406,7.891654968261719e-05,406,0.0006451606750488281,2016,0.00017786026000976562,571,0.0002570152282714844,1116,0.0001678466796875,295,0.00025010108947753906,2016,0.0002808570861816406,694,0.00031495094299316406,256,0.00010538101196289062,64
list_random_64.txt,1,0.7036929130554199,314,0.0001857280731201172,406,7.915496826171875e-05,406,0.0005042552947998047,2016,0.0001800060272216797,571,0.00026226043701171875,1116,0.00012493133544921875,295,0.00017309188842773438,2016,0.00013589859008789062,694,8.487701416015625e-05,256,5.793571472167969e-05,64
list_random_64.txt,10,0.629249095916748,314,0.00017595291137695312,406,9.608268737792969e-05,406,0.0005350112915039062,2016,0.00017189979553222656,571,0.00025010108947753906,1116,0.00011992454528808594,295,0.00016498565673828125,2016,0.00012993812561035156,694,7.987022399902344e-05,256,5.507469177246094e-05,64
list_random_512.txt,0.001,0.35472798347473145,1,0.0010409355163574219,4047,0.0008289813995361328,4920,0.0010302066802978516,3637,0.001026153564453125,3461,0.001043081283569336,2574,0.0017080307006835938,3599,0.0010449886322021484,10521,0.001026153564453125,4981,0.000993967056274414,3072,0.0004451274871826172,512
list_random_512.txt,0.01,0.2684049606323242,1,0.0011668205261230469,4920,0.0007631778717041016,4920,0.010055065155029297,32743,0.0023031234741210938,7647,0.01005697250366211,38322,0.0013790130615234375,3980,0.010081052780151367,119491,0.0030930042266845703,10418,0.0009257793426513672,3072,0.0004420280456542969,512
list_random_512.txt,0.1,0.36344003677368164,1,0.0012509822845458984,4920,0.0008189678192138672,4920,0.03399801254272461,130816,0.002835988998413086,7647,0.016562938690185547,67178,0.0013921260833740234,3980,0.010901689529418945,130816,0.002318143844604492,10418,0.0009229183197021484,3072,0.0004520416259765625,512
list_random_512.txt,1,1.0228750705718994,4,0.0012421607971191406,4920,0.0007770061492919922,4920,0.03467106819152832,130816,0.002535104751586914,7647,0.01774907112121582,67178,0.001458883285522461,3980,0.010667085647583008,130816,0.002321004867553711,10418,0.0009698867797851562,3072,0.0004761219024658203,512
list_random_512.txt,10,10.014245986938477,39,0.0012989044189453125,4920,0.0008869171142578125,4920,0.03578782081604004,130816,0.002577066421508789,7647,0.018962860107421875,67178,0.0020029544830322266,3980,0.010914087295532227,130816,0.0021200180053710938,10418,0.0009071826934814453,3072,0.0004429817199707031,512
list_no_duplicates_16.txt,0.001,0.0017769336700439453,2,0.0002522468566894531,43,5.507469177246094e-05,43,9.918212890625e-05,120,3.1948089599609375e-05,82,2.8848648071289062e-05,68,2.6226043701171875e-05,46,1.5020370483398438e-05,120,1.4066696166992188e-05,74,2.6941299438476562e-05,64,1.621246337890625e-05,16
list_no_duplicates_16.txt,0.01,0.010833978652954102,30,0.00019216537475585938,43,5.1021575927734375e-05,43,7.081031799316406e-05,120,3.314018249511719e-05,82,1.6927719116210938e-05,68,2.8133392333984375e-05,46,1.4781951904296875e-05,120,1.4066696166992188e-05,74,2.7894973754882812e-05,64,1.5974044799804688e-05,16
list_no_duplicates_16.txt,0.1,0.01151418685913086,46,0.0001850128173828125,43,2.3126602172851562e-05,43,3.790855407714844e-05,120,3.886222839355469e-05,82,1.9073486328125e-05,68,3.2901763916015625e-05,46,1.9311904907226562e-05,120,1.71661376953125e-05,74,3.409385681152344e-05,64,2.002716064453125e-05,16
list_no_duplicates_16.txt,1,0.01090693473815918,46,0.00012493133544921875,43,2.288818359375e-05,43,3.886222839355469e-05,120,4.100799560546875e-05,82,1.9311904907226562e-05,68,3.409385681152344e-05,46,1.9073486328125e-05,120,1.811981201171875e-05,74,3.4809112548828125e-05,64,2.002716064453125e-05,16
list_no_duplicates_16.txt,10,0.011300086975097656,46,0.000164031982421875,43,2.3126602172851562e-05,43,3.981590270996094e-05,120,3.981590270996094e-05,82,1.8835067749023438e-05,68,3.409385681152344e-05,46,2.002716064453125e-05,120,1.7881393432617188e-05,74,3.504753112792969e-05,64,2.002716064453125e-05,16
list_random_128.txt,0.001,0.019623279571533203,1,0.00048732757568359375,1012,0.0002486705780029297,1012,0.0010688304901123047,3230,0.0005218982696533203,1390,0.0010540485382080078,3670,0.0003361701965332031,747,0.0007517337799072266,8128,0.00037217140197753906,1544,0.0002779960632324219,768,0.0001289844512939453,128
list_random_128.txt,0.01,0.01918506622314453,1,0.00036978721618652344,1012,0.00020194053649902344,1012,0.002293825149536133,8128,0.0004918575286865234,1390,0.0011577606201171875,4266,0.00033402442932128906,747,0.0007541179656982422,8128,0.0003478527069091797,1544,0.00027489662170410156,768,0.0001289844512939453,128
list_random_128.txt,0.1,0.10998296737670898,6,0.00036406517028808594,1012,0.0002028942108154297,1012,0.002293109893798828,8128,0.0004930496215820312,1390,0.0011620521545410156,4266,0.0003342628479003906,747,0.0007560253143310547,8128,0.0003829002380371094,1544,0.0002758502960205078,768,0.00013375282287597656,128
list_random_128.txt,1,1.007925033569336,61,0.00030517578125,1012,0.00023412704467773438,1012,0.002052783966064453,8128,0.00041294097900390625,1390,0.0010311603546142578,4266,0.00027489662170410156,747,0.0006580352783203125,8128,0.00029206275939941406,1544,0.00023102760314941406,768,0.00010991096496582031,128
list_random_128.txt,10,6.124669075012207,748,0.0008020401000976562,1012,0.0004329681396484375,1012,0.003197908401489258,8128,0.0004000663757324219,1390,0.0018868446350097656,4266,0.00027680397033691406,747,0.0008249282836914062,8128,0.0004520416259765625,1544,0.0004317760467529297,768,0.00010895729064941406,128
list_reversed_16.txt,0.001,0.0024330615997314453,3,0.00028896331787109375,120,7.510185241699219e-05,120,9.179115295410156e-05,120,4.100799560546875e-05,72,4.291534423828125e-05,135,5.984306335449219e-05,32,2.9087066650390625e-05,120,1.5020370483398438e-05,81,2.5987625122070312e-05,64,1.5020370483398438e-05,16
list_reversed_16.txt,0.01,0.010952949523925781,19,0.000125885009765625,120,2.8848648071289062e-05,120,3.814697265625e-05,120,2.8848648071289062e-05,72,3.1948089599609375e-05,135,2.5987625122070312e-05,32,1.621246337890625e-05,120,3.0994415283203125e-05,81,3.0040740966796875e-05,64,1.6927719116210938e-05,16
list_reversed_16.txt,0.1,0.00972604751586914,42,0.00016689300537109375,120,3.409385681152344e-05,120,4.410743713378906e-05,120,3.1948089599609375e-05,72,3.5762786865234375e-05,135,3.0040740966796875e-05,32,1.8835067749023438e-05,120,1.811981201171875e-05,81,3.1948089599609375e-05,64,1.9073486328125e-05,16
list_reversed_16.txt,1,0.009557962417602539,42,0.00034928321838378906,120,3.409385681152344e-05,120,7.295608520507812e-05,120,4.8160552978515625e-05,72,9.226799011230469e-05,135,3.1948089599609375e-05,32,3.4809112548828125e-05,120,1.71661376953125e-05,81,3.0994415283203125e-05,64,1.7881393432617188e-05,16
list_reversed_16.txt,10,0.009840965270996094,42,0.00014090538024902344,120,3.409385681152344e-05,120,4.506111145019531e-05,120,3.409385681152344e-05,72,3.790855407714844e-05,135,3.0040740966796875e-05,32,1.8835067749023438e-05,120,1.811981201171875e-05,81,3.409385681152344e-05,64,2.002716064453125e-05,16
list_nearly_sorted_256.txt,0.001,0.07540607452392578,1,0.0009160041809082031,3100,0.00049591064453125,3100,0.001049041748046875,2995,0.0010318756103515625,3217,0.0007200241088867188,2794,0.0005822181701660156,1581,0.0010387897491455078,11112,0.0004990100860595703,2666,0.00044918060302734375,1536,0.000209808349609375,256
list_nearly_sorted_256.txt,0.01,0.06745028495788574,1,0.0007460117340087891,3100,0.0004742145538330078,3100,0.008507013320922852,32640,0.0014910697937011719,3424,0.0006537437438964844,2794,0.0006489753723144531,1581,0.003026247024536133,32640,0.0005371570587158203,2666,0.0005140304565429688,1536,0.00023221969604492188,256
list_nearly_sorted_256.txt,0.1,0.1392042636871338,2,0.0013880729675292969,3100,0.0006451606750488281,3100,0.008441925048828125,32640,0.0014069080352783203,3424,0.0008680820465087891,2794,0.0007379055023193359,1581,0.0029938220977783203,32640,0.0005619525909423828,2666,0.0005459785461425781,1536,0.00024962425231933594,256
list_nearly_sorted_256.txt,1,1.0014081001281738,14,0.0007588863372802734,3100,0.0004961490631103516,3100,0.00767207145690918,32640,0.0011010169982910156,3424,0.000743865966796875,2794,0.00061798095703125,1581,0.002591848373413086,32640,0.0005891323089599609,2666,0.0004990100860595703,1536,0.0002319812774658203,256
list_nearly_sorted_256.txt,10,10.00738787651062,156,0.0008561611175537109,3100,0.0005056858062744141,3100,0.0076541900634765625,32640,0.0011546611785888672,3424,0.0006868839263916016,2794,0.0006520748138427734,1581,0.002462148666381836,32640,0.0004591941833496094,2666,0.0004839897155761719,1536,0.000209808349609375,256
list_many_duplicates_16.txt,0.001,0.0021479129791259766,4,0.00021386146545410156,52,0.00010013580322265625,69,3.1948089599609375e-05,120,3.504753112792969e-05,83,1.0013580322265625e-05,39,2.7894973754882812e-05,39,1.71661376953125e-05,120,1.1920928955078125e-05,63,1.6689300537109375e-05,32,1.5974044799804688e-05,16
list_many_duplicates_16.txt,0.01,0.010566949844360352,46,0.00021600723266601562,52,4.1961669921875e-05,69,7.390975952148438e-05,120,5.0067901611328125e-05,83,9.059906005859375e-06,39,2.6226043701171875e-05,39,1.5974044799804688e-05,120,1.2159347534179688e-05,63,1.5735626220703125e-05,32,1.5020370483398438e-05,16
list_many_duplicates_16.txt,0.1,0.011441946029663086,46,0.0001628398895263672,52,3.0994415283203125e-05,69,3.504753112792969e-05,120,6.604194641113281e-05,83,1.2874603271484375e-05,39,7.390975952148438e-05,39,1.9788742065429688e-05,120,1.4066696166992188e-05,63,2.002716064453125e-05,32,1.9073486328125e-05,16
list_many_duplicates_16.txt,1,0.01014399528503418,46,0.00010800361633300781,52,2.7894973754882812e-05,69,3.409385681152344e-05,120,3.886222839355469e-05,83,1.0967254638671875e-05,39,5.507469177246094e-05,39,1.7881393432617188e-05,120,1.4066696166992188e-05,63,1.9073486328125e-05,32,1.7881393432617188e-05,16
list_many_duplicates_16.txt,10,0.010665178298950195,46,0.00011205673217773438,52,2.7894973754882812e-05,69,6.914138793945312e-05,120,4.00543212890625e-05,83,1.0728836059570312e-05,39,3.0994415283203125e-05,39,1.9073486328125e-05,120,1.3828277587890625e-05,63,1.8835067749023438e-05,32,1.811981201171875e-05,16
list_nearly_sorted_2048.txt,0.001,0.02892780303955078,0,0.001071929931640625,4093,0.0012540817260742188,8110,0.0010340213775634766,2844,0.0010340213775634766,2090,0.0010330677032470703,3725,0.002437114715576172,6347,0.0012159347534179688,12267,0.001043081283569336,5356,0.0010981559753417969,3083,0.0010859966278076172,2048
list_nearly_sorted_2048.txt,0.01,0.020421981811523438,0,0.010174989700317383,51335,0.010083913803100586,68180,0.010098934173583984,27917,0.010144948959350586,27847,0.010101079940795898,34156,0.007155179977416992,18589,0.010174989700317383,109107,0.009607076644897461,40075,0.006087303161621094,16384,0.002148151397705078,2048
list_nearly_sorted_2048.txt,0.1,4.500784873962402,1,0.015526771545410156,73164,0.010538101196289062,73164,0.10031390190124512,364270,0.01359415054321289,39959,0.0634469985961914,247327,0.005873203277587891,18589,0.10010576248168945,1151503,0.012927055358886719,40075,0.01196599006652832,16384,0.0022399425506591797,2048
list_nearly_sorted_2048.txt,1,4.2332398891448975,1,0.015688180923461914,73164,0.010802984237670898,73164,0.5039660930633545,2096128,0.011473894119262695,39959,0.06550192832946777,247327,0.0058269500732421875,18589,0.163405179977417,2096128,0.008161067962646484,40075,0.00528407096862793,16384,0.003061056137084961,2048
list_nearly_sorted_2048.txt,10,12.887402057647705,3,0.01577591896057129,73164,0.010643959045410156,73164,0.49982309341430664,2096128,0.012644052505493164,39959,0.06986808776855469,247327,0.006443023681640625,18589,0.18188786506652832,2096128,0.009409189224243164,40075,0.005446195602416992,16384,0.0020737648010253906,2048
list_no_duplicates_64.txt,0.001,0.005372285842895508,1,0.0002589225769042969,369,8.606910705566406e-05,369,0.0005941390991210938,2016,0.00019311904907226562,571,0.00028204917907714844,1080,0.0002658367156982422,305,0.00019216537475585938,2016,0.0001010894775390625,526,9.202957153320312e-05,256,6.198883056640625e-05,64
list_no_duplicates_64.txt,0.01,0.015173912048339844,3,0.0002799034118652344,369,9.989738464355469e-05,369,0.0005738735198974609,2016,0.00021386146545410156,571,0.00029206275939941406,1080,0.0001499652862548828,305,0.0002422332763671875,2016,0.0001327991485595703,526,9.822845458984375e-05,256,6.580352783203125e-05,64
list_no_duplicates_64.txt,0.1,0.10311293601989746,24,0.0002231597900390625,369,8.106231689453125e-05,369,0.0004818439483642578,2016,0.0001819133758544922,571,0.000244140625,1080,0.000125885009765625,305,0.00017309188842773438,2016,9.202957153320312e-05,526,8.20159912109375e-05,256,5.602836608886719e-05,64
list_no_duplicates_64.txt,1,0.7529141902923584,310,0.0002887248992919922,369,0.0001289844512939453,369,0.0005881786346435547,2016,0.00025916099548339844,571,0.00026607513427734375,1080,0.00013399124145507812,305,0.00018310546875,2016,9.775161743164062e-05,526,9.012222290039062e-05,256,6.079673767089844e-05,64
list_no_duplicates_64.txt,10,0.6940350532531738,310,0.0003821849822998047,369,0.00013208389282226562,369,0.0007231235504150391,2016,0.00018405914306640625,571,0.00025391578674316406,1080,0.00012803077697753906,305,0.0001728534698486328,2016,0.00013899803161621094,526,8.487701416015625e-05,256,5.698204040527344e-05,64
list_reversed_64.txt,0.001,0.0052640438079833984,1,0.00055694580078125,2016,0.0002880096435546875,2016,0.0006699562072753906,2016,0.0001888275146484375,525,0.0006389617919921875,2079,0.0001220703125,192,0.00021195411682128906,2016,0.0001049041748046875,513,9.703636169433594e-05,256,6.580352783203125e-05,64
list_reversed_64.txt,0.01,0.015314102172851562,3,0.0005922317504882812,2016,0.0002949237823486328,2016,0.0006878376007080078,2016,0.00018906593322753906,525,0.0005748271942138672,2079,0.00011897087097167969,192,0.00020933151245117188,2016,0.0001049041748046875,513,9.703636169433594e-05,256,6.604194641113281e-05,64
list_reversed_64.txt,0.1,0.10360407829284668,24,0.0004858970642089844,2016,0.00031375885009765625,2016,0.0008511543273925781,2016,0.00016069412231445312,525,0.0004742145538330078,2079,0.00010085105895996094,192,0.00017595291137695312,2016,8.7738037109375e-05,513,0.00010800361633300781,256,0.00011801719665527344,64
list_reversed_64.txt,1,0.6019501686096191,288,0.0005550384521484375,2016,0.0003561973571777344,2016,0.0005490779876708984,2016,0.0002841949462890625,525,0.0005087852478027344,2079,9.822845458984375e-05,192,0.00020194053649902344,2016,8.487701416015625e-05,513,8.20159912109375e-05,256,0.00020694732666015625,64
list_reversed_64.txt,10,0.5867969989776611,288,0.0005421638488769531,2016,0.00028705596923828125,2016,0.0005660057067871094,2016,0.0001537799835205078,525,0.000492095947265625,2079,0.00010013580322265625,192,0.00017189979553222656,2016,8.797645568847656e-05,513,8.296966552734375e-05,256,5.817413330078125e-05,64
list_many_duplicates_64.txt,0.001,0.005051851272583008,1,0.00017786026000976562,367,9.202957153320312e-05,353,0.0004680156707763672,2016,0.00017213821411132812,570,0.00023674964904785156,1027,0.0001201629638671875,298,0.0001621246337890625,2016,8.082389831542969e-05,499,7.915496826171875e-05,256,4.57763671875e-05,64
list_many_duplicates_64.txt,0.01,0.013686180114746094,3,0.0003268718719482422,367,0.00012373924255371094,353,0.0005788803100585938,2016,0.00016999244689941406,570,0.00021982192993164062,1027,0.00011897087097167969,298,0.00022983551025390625,2016,0.00011491775512695312,499,0.00014400482177734375,256,7.557868957519531e-05,64
list_many_duplicates_64.txt,0.1,0.1033329963684082,25,0.00020694732666015625,367,9.107589721679688e-05,353,0.0005686283111572266,2016,0.0002090930938720703,570,0.0002739429473876953,1027,0.00014710426330566406,298,0.00020194053649902344,2016,0.00010085105895996094,499,9.703636169433594e-05,256,5.91278076171875e-05,64
list_many_duplicates_64.txt,1,0.6433610916137695,305,0.00024199485778808594,367,0.00014519691467285156,353,0.0006620883941650391,2016,0.00019788742065429688,570,0.00023508071899414062,1027,0.0001251697540283203,298,0.00016689300537109375,2016,8.392333984375e-05,499,8.416175842285156e-05,256,5.0067901611328125e-05,64
list_many_duplicates_64.txt,10,0.6303150653839111,305,0.0002799034118652344,367,9.894371032714844e-05,353,0.0005712509155273438,2016,0.0003249645233154297,570,0.00023412704467773438,1027,0.0001220703125,298,0.0001621246337890625,2016,8.392333984375e-05,499,8.225440979003906e-05,256,4.887580871582031e-05,64
list_many_duplicates_512.txt,0.001,0.0025908946990966797,0,0.001033782958984375,4492,0.0010328292846679688,5339,0.0010249614715576172,3505,0.0010249614715576172,3205,0.0010366439819335938,3015,0.0013401508331298828,2740,0.0010759830474853516,9538,0.001055002212524414,3779,0.0010287761688232422,2048,0.00033593177795410156,512
list_many_duplicates_512.txt,0.01,0.31577610969543457,1,0.0019350051879882812,6094,0.001207590103149414,6453,0.010202169418334961,31660,0.002671957015991211,7613,0.010084867477416992,38975,0.0013492107391357422,3938,0.010130882263183594,102850,0.002048015594482422,8106,0.0006330013275146484,2048,0.0003490447998046875,512
list_many_duplicates_512.txt,0.1,0.2750377655029297,1,0.001828908920288086,6094,0.0019478797912597656,6453,0.042173147201538086,130816,0.0024383068084716797,7613,0.020040273666381836,61592,0.0014791488647460938,3938,0.011883974075317383,130816,0.0016601085662841797,8106,0.0008368492126464844,2048,0.0003991127014160156,512
list_many_duplicates_512.txt,1,1.0912368297576904,4,0.0014348030090332031,6094,0.0014972686767578125,6453,0.03331899642944336,130816,0.0025539398193359375,7613,0.015865087509155273,61592,0.0013039112091064453,3938,0.010631084442138672,130816,0.001631021499633789,8106,0.0009500980377197266,2048,0.00039196014404296875,512
list_many_duplicates_512.txt,10,10.057044267654419,37,0.002602815628051758,6094,0.0016188621520996094,6453,0.038763999938964844,130816,0.0021598339080810547,7613,0.01652812957763672,61592,0.001299142837524414,3938,0.011315107345581055,130816,0.0016620159149169922,8106,0.0006327629089355469,2048,0.00034618377685546875,512
list_sorted_512.txt,0.001,0.2817509174346924,1,0.0012149810791015625,3556,0.001094818115234375,5566,0.0010290145874023438,4331,0.0011930465698242188,3165,7.987022399902344e-05,511,0.0012688636779785156,1856,0.0011210441589355469,10030,0.0008008480072021484,4097,0.0010707378387451172,2255,0.0007719993591308594,512
list_sorted_512.txt,0.01,0.3146700859069824,1,0.010169029235839844,35986,0.010136842727661133,53001,0.010123014450073242,40056,0.0030488967895507812,7958,9.441375732421875e-05,511,0.0011408329010009766,2304,0.010110855102539062,100681,0.0006580352783203125,4097,0.0012056827545166016,3072,0.0005319118499755859,512
list_sorted_512.txt,0.1,0.28592896461486816,1,0.03241586685180664,130816,0.02171015739440918,130816,0.03372812271118164,130816,0.0029120445251464844,7958,8.0108642578125e-05,511,0.0009667873382568359,2304,0.011857032775878906,130816,0.0005917549133300781,4097,0.0009310245513916016,3072,0.0004448890686035156,512
list_sorted_512.txt,1,1.0890910625457764,4,0.03206682205200195,130816,0.022776126861572266,130816,0.03147292137145996,130816,0.002507925033569336,7958,7.700920104980469e-05,511,0.000946044921875,2304,0.011199951171875,130816,0.0008199214935302734,4097,0.0009889602661132812,3072,0.0005271434783935547,512
list_sorted_512.txt,10,10.25708293914795,36,0.0302579402923584,130816,0.02136397361755371,130816,0.031565189361572266,130816,0.0028209686279296875,7958,9.012222290039062e-05,511,0.0011038780212402344,2304,0.011961221694946289,130816,0.0006392002105712891,4097,0.0011210441589355469,3072,0.0005419254302978516,512
list_nearly_sorted_1024.txt,0.001,0.008288860321044922,0,0.0011019706726074219,4716,0.0010502338409423828,6527,0.0011010169982910156,2505,0.0010640621185302734,1968,0.001065969467163086,3399,0.0015978813171386719,3428,0.0011219978332519531,11198,0.0010437965393066406,4994,0.0010788440704345703,2759,0.0010471343994140625,1024
list_nearly_sorted_1024.txt,0.01,1.1754570007324219,1,0.004188060760498047,17584,0.0029528141021728516,17584,0.010094165802001953,30317,0.006403207778930664,17879,0.010098934173583984,33644,0.0032930374145507812,8294,0.010126829147338867,104706,0.004247188568115234,17515,0.0030777454376220703,8192,0.0011377334594726562,1024
list_nearly_sorted_1024.txt,0.1,1.1621899604797363,1,0.0038678646087646484,17584,0.0031440258026123047,17584,0.10010218620300293,417530,0.005838632583618164,17879,0.017770051956176758,57153,0.0029129981994628906,8294,0.047061920166015625,523776,0.003876209259033203,17515,0.0025947093963623047,8192,0.0009531974792480469,1024
list_nearly_sorted_1024.txt,1,1.0456569194793701,1,0.0038340091705322266,17584,0.003367185592651367,17584,0.1293487548828125,523776,0.005846977233886719,17879,0.015987157821655273,57153,0.0029671192169189453,8294,0.04821920394897461,523776,0.004093170166015625,17515,0.0027909278869628906,8192,0.001077890396118164,1024
list_nearly_sorted_1024.txt,10,10.041281938552856,9,0.0037071704864501953,17584,0.003204822540283203,17584,0.13042712211608887,523776,0.0060231685638427734,17879,0.016057252883911133,57153,0.003010988235473633,8294,0.04647397994995117,523776,0.004187345504760742,17515,0.0028929710388183594,8192,0.0009319782257080078,1024
list_random_16.txt,0.001,0.0019490718841552734,4,0.0002319812774658203,63,3.504753112792969e-05,63,4.57763671875e-05,120,9.202957153320312e-05,81,5.602836608886719e-05,86,4.076957702636719e-05,46,1.52587890625e-05,120,1.4066696166992188e-05,78,2.47955322265625e-05,64,1.5974044799804688e-05,16
list_random_16.txt,0.01,0.01077723503112793,40,0.00010704994201660156,63,1.9788742065429688e-05,63,3.266334533691406e-05,120,3.218650817871094e-05,81,2.09808349609375e-05,86,2.9087066650390625e-05,46,1.5735626220703125e-05,120,1.5020370483398438e-05,78,2.8133392333984375e-05,64,1.6689300537109375e-05,16
list_random_16.txt,0.1,0.009845972061157227,46,0.0004291534423828125,63,8.893013000488281e-05,63,5.3882598876953125e-05,120,0.0001239776611328125,81,6.604194641113281e-05,86,6.67572021484375e-05,46,3.910064697265625e-05,120,5.3882598876953125e-05,78,6.008148193359375e-05,64,4.1961669921875e-05,16
list_random_16.txt,1,0.010838985443115234,46,0.0002887248992919922,63,5.507469177246094e-05,63,6.103515625e-05,120,0.00010704994201660156,81,4.9114227294921875e-05,86,2.7894973754882812e-05,46,3.504753112792969e-05,120,1.5020370483398438e-05,78,4.1961669921875e-05,64,1.5974044799804688e-05,16
list_random_16.txt,10,0.01190495491027832,46,0.00016617774963378906,63,7.200241088867188e-05,63,8.58306884765625e-05,120,7.510185241699219e-05,81,5.602836608886719e-05,86,4.220008850097656e-05,46,1.5020370483398438e-05,120,1.52587890625e-05,78,2.7894973754882812e-05,64,1.5974044799804688e-05,16
list_sorted_128.txt,0.001,0.01863384246826172,1,0.0010488033294677734,4473,0.0010509490966796875,5782,0.0011870861053466797,4099,0.0006971359252929688,1459,2.002716064453125e-05,127,0.0002067089080810547,448,0.0007340908050537109,8128,0.00020813941955566406,769,0.00034117698669433594,768,0.00010633468627929688,128
list_sorted_128.txt,0.01,0.019578933715820312,1,0.0018589496612548828,8128,0.0012767314910888672,8128,0.0016570091247558594,8128,0.0007932186126708984,1459,4.410743713378906e-05,127,0.0003361701965332031,448,0.0009741783142089844,8128,0.00010013580322265625,769,0.00022983551025390625,768,0.00010704994201660156,128
list_sorted_128.txt,0.1,0.1139371395111084,7,0.0018258094787597656,8128,0.0012960433959960938,8128,0.0015668869018554688,8128,0.0004417896270751953,1459,1.811981201171875e-05,127,0.00020694732666015625,448,0.0008132457733154297,8128,0.00023603439331054688,769,0.0003821849822998047,768,0.0001068115234375,128
list_sorted_128.txt,1,1.0110249519348145,60,0.0019719600677490234,8128,0.0013980865478515625,8128,0.0019221305847167969,8128,0.0005300045013427734,1459,2.09808349609375e-05,127,0.0002429485321044922,448,0.0007421970367431641,8128,0.00011420249938964844,769,0.0002799034118652344,768,0.00013208389282226562,128
list_sorted_128.txt,10,6.009592056274414,696,0.0020449161529541016,8128,0.001405954360961914,8128,0.0019378662109375,8128,0.0005288124084472656,1459,2.09808349609375e-05,127,0.00024390220642089844,448,0.000743865966796875,8128,0.00011610984802246094,769,0.0002789497375488281,768,0.00013113021850585938,128
list_many_duplicates_128.txt,0.001,0.01863884925842285,1,0.00034618377685546875,927,0.0002067089080810547,961,0.0010349750518798828,3364,0.0004780292510986328,1376,0.001049041748046875,3673,0.00032591819763183594,735,0.00074005126953125,8128,0.0002918243408203125,1391,0.00017881393432617188,512,0.00012803077697753906,128
list_many_duplicates_128.txt,0.01,0.019170045852661133,1,0.0003771781921386719,927,0.00021219253540039062,961,0.0024230480194091797,8128,0.00047707557678222656,1376,0.0011341571807861328,4252,0.00032806396484375,735,0.00074005126953125,8128,0.00029277801513671875,1391,0.00017905235290527344,512,0.00011014938354492188,128
list_many_duplicates_128.txt,0.1,0.10765409469604492,6,0.00034618377685546875,927,0.0002048015594482422,961,0.0022430419921875,8128,0.0004749298095703125,1376,0.0011298656463623047,4252,0.000324249267578125,735,0.0007588863372802734,8128,0.00029397010803222656,1391,0.00017786026000976562,512,0.00011110305786132812,128
list_many_duplicates_128.txt,1,1.0075759887695312,62,0.0004100799560546875,927,0.00019288063049316406,961,0.002149820327758789,8128,0.0004489421844482422,1376,0.0011000633239746094,4252,0.0003018379211425781,735,0.0006871223449707031,8128,0.0002789497375488281,1391,0.00016999244689941406,512,0.00014019012451171875,128
list_many_duplicates_128.txt,10,6.314405679702759,752,0.0003540515899658203,927,0.0002079010009765625,961,0.0023241043090820312,8128,0.0004851818084716797,1376,0.0011720657348632812,4252,0.0003256797790527344,735,0.0007371902465820312,8128,0.0002989768981933594,1391,0.0001862049102783203,512,0.00011610984802246094,128
list_reversed_8.txt,0.001,0.0015680789947509766,8,0.00010132789611816406,28,1.4781951904296875e-05,28,1.3113021850585938e-05,28,1.5735626220703125e-05,24,1.1205673217773438e-05,35,1.5020370483398438e-05,12,7.867813110351562e-06,28,8.106231689453125e-06,29,1.2159347534179688e-05,16,1.0967254638671875e-05,8
list_reversed_8.txt,0.01,0.0018811225891113281,14,0.0001430511474609375,28,1.621246337890625e-05,28,1.2874603271484375e-05,28,1.5020370483398438e-05,24,1.1205673217773438e-05,35,1.4781951904296875e-05,12,8.106231689453125e-06,28,8.106231689453125e-06,29,1.1920928955078125e-05,16,1.2159347534179688e-05,8
list_reversed_8.txt,0.1,0.001905202865600586,14,9.512901306152344e-05,28,1.5974044799804688e-05,28,1.2874603271484375e-05,28,1.5974044799804688e-05,24,1.0013580322265625e-05,35,1.5020370483398438e-05,12,8.106231689453125e-06,28,8.821487426757812e-06,29,1.2159347534179688e-05,16,1.1205673217773438e-05,8
list_reversed_8.txt,1,0.0019099712371826172,14,9.512901306152344e-05,28,1.5020370483398438e-05,28,1.1920928955078125e-05,28,1.621246337890625e-05,24,1.0013580322265625e-05,35,1.3828277587890625e-05,12,7.152557373046875e-06,28,7.867813110351562e-06,29,1.1920928955078125e-05,16,1.1682510375976562e-05,8
list_reversed_8.txt,10,0.0018711090087890625,14,9.298324584960938e-05,28,1.52587890625e-05,28,1.2874603271484375e-05,28,1.5974044799804688e-05,24,1.0967254638671875e-05,35,1.4781951904296875e-05,12,8.106231689453125e-06,28,8.106231689453125e-06,29,1.2159347534179688e-05,16,1.0967254638671875e-05,8
list_nearly_sorted_32.txt,0.001,0.0017240047454833984,1,0.00018095970153808594,346,8.130073547363281e-05,346,0.00012302398681640625,496,8.988380432128906e-05,225,2.4080276489257812e-05,98,6.29425048828125e-05,109,5.602836608886719e-05,496,3.600120544433594e-05,186,5.340576171875e-05,128,3.314018249511719e-05,32
list_nearly_sorted_32.txt,0.01,0.01125192642211914,9,0.0002110004425048828,346,8.177757263183594e-05,346,0.0001232624053955078,496,9.179115295410156e-05,225,2.4080276489257812e-05,98,8.20159912109375e-05,109,0.00010085105895996094,496,3.814697265625e-05,186,5.412101745605469e-05,128,3.3855438232421875e-05,32
list_nearly_sorted_32.txt,0.1,0.0774240493774414,117,0.0002009868621826172,346,8.20159912109375e-05,346,0.0001232624053955078,496,8.988380432128906e-05,225,2.4080276489257812e-05,98,6.389617919921875e-05,109,5.5789947509765625e-05,496,3.719329833984375e-05,186,5.3882598876953125e-05,128,3.3855438232421875e-05,32
list_nearly_sorted_32.txt,1,0.07634186744689941,117,0.0002028942108154297,346,8.177757263183594e-05,346,0.0001289844512939453,496,9.202957153320312e-05,225,2.4080276489257812e-05,98,6.508827209472656e-05,109,5.507469177246094e-05,496,3.695487976074219e-05,186,5.459785461425781e-05,128,3.600120544433594e-05,32
list_nearly_sorted_32.txt,10,0.0759592056274414,117,0.00020313262939453125,346,8.320808410644531e-05,346,0.0001289844512939453,496,9.202957153320312e-05,225,2.384185791015625e-05,98,6.508827209472656e-05,109,5.507469177246094e-05,496,3.695487976074219e-05,186,5.507469177246094e-05,128,3.504753112792969e-05,32
list_no_duplicates_8.txt,0.001,0.0015380382537841797,8,8.893013000488281e-05,18,1.0967254638671875e-05,18,1.2159347534179688e-05,28,1.8835067749023438e-05,27,5.9604644775390625e-06,19,1.5735626220703125e-05,16,6.9141387939453125e-06,28,6.198883056640625e-06,21,1.2874603271484375e-05,16,1.0967254638671875e-05,8
list_no_duplicates_8.txt,0.01,0.002123594284057617,16,9.012222290039062e-05,18,1.1205673217773438e-05,18,1.1920928955078125e-05,28,1.9311904907226562e-05,27,6.198883056640625e-06,19,1.4781951904296875e-05,16,8.106231689453125e-06,28,5.9604644775390625e-06,21,1.3113021850585938e-05,16,1.0967254638671875e-05,8
list_no_duplicates_8.txt,0.1,0.002064228057861328,16,0.00013899803161621094,18,1.2636184692382812e-05,18,1.1920928955078125e-05,28,1.9073486328125e-05,27,6.198883056640625e-06,19,1.5974044799804688e-05,16,7.867813110351562e-06,28,6.198883056640625e-06,21,1.2874603271484375e-05,16,1.0967254638671875e-05,8
list_no_duplicates_8.txt,1,0.0021932125091552734,16,9.012222290039062e-05,18,1.1920928955078125e-05,18,1.0967254638671875e-05,28,1.9073486328125e-05,27,5.7220458984375e-06,19,1.5735626220703125e-05,16,7.152557373046875e-06,28,5.9604644775390625e-06,21,1.3113021850585938e-05,16,1.1682510375976562e-05,8
list_no_duplicates_8.txt,10,0.002199888229370117,16,9.012222290039062e-05,18,1.2159347534179688e-05,18,1.0967254638671875e-05,28,1.9073486328125e-05,27,5.9604644775390625e-06,19,1.5020370483398438e-05,16,8.106231689453125e-06,28,5.9604644775390625e-06,21,1.3113021850585938e-05,16,1.1920928955078125e-05,8
list_few_duplicates_16.txt,0.001,0.0017611980438232422,3,0.00011420249938964844,43,2.09808349609375e-05,40,5.3882598876953125e-05,120,3.814697265625e-05,81,1.9073486328125e-05,69,7.987022399902344e-05,45,2.09808349609375e-05,120,1.8835067749023438e-05,83,3.314018249511719e-05,64,2.002716064453125e-05,16
list_few_duplicates_16.txt,0.01,0.010167121887207031,45,0.00011396408081054688,43,2.09808349609375e-05,40,3.5762786865234375e-05,120,3.600120544433594e-05,81,1.9073486328125e-05,69,3.2901763916015625e-05,45,1.9073486328125e-05,120,1.8835067749023438e-05,83,3.218650817871094e-05,64,2.002716064453125e-05,16
list_few_duplicates_16.txt,0.1,0.010445833206176758,45,0.00011801719665527344,43,2.193450927734375e-05,40,3.719329833984375e-05,120,3.600120544433594e-05,81,1.8835067749023438e-05,69,3.218650817871094e-05,45,1.7881393432617188e-05,120,1.9073486328125e-05,83,3.1948089599609375e-05,64,1.8835067749023438e-05,16
list_few_duplicates_16.txt,1,0.010556221008300781,45,0.0001289844512939453,43,2.09808349609375e-05,40,3.910064697265625e-05,120,3.814697265625e-05,81,1.8835067749023438e-05,69,3.2901763916015625e-05,45,1.9073486328125e-05,120,2.002716064453125e-05,83,3.3855438232421875e-05,64,2.002716064453125e-05,16
list_few_duplicates_16.txt,10,0.010253190994262695,45,0.0001232624053955078,43,2.2172927856445312e-05,40,3.886222839355469e-05,120,3.886222839355469e-05,81,1.8835067749023438e-05,69,3.314018249511719e-05,45,1.7881393432617188e-05,120,1.9073486328125e-05,83,3.409385681152344e-05,64,1.9073486328125e-05,16
list_few_duplicates_128.txt,0.001,0.018969058990478516,1,0.0004267692565917969,921,0.00019097328186035156,919,0.0010361671447753906,3378,0.0004858970642089844,1412,0.0010311603546142578,3793,0.00035190582275390625,741,0.0007698535919189453,8128,0.0002841949462890625,1367,0.0002818107604980469,768,0.00013709068298339844,128
list_few_duplicates_128.txt,0.01,0.0187990665435791,1,0.0003437995910644531,921,0.00019097328186035156,919,0.0022852420806884766,8128,0.0005369186401367188,1412,0.0010981559753417969,4045,0.00032901763916015625,741,0.0007500648498535156,8128,0.0002880096435546875,1367,0.0002868175506591797,768,0.0001289844512939453,128
list_few_duplicates_128.txt,0.1,0.10769820213317871,6,0.0003590583801269531,921,0.0001919269561767578,919,0.0022079944610595703,8128,0.0004849433898925781,1412,0.0010690689086914062,4045,0.00032520294189453125,741,0.0007290840148925781,8128,0.0002849102020263672,1367,0.00030517578125,768,0.0001289844512939453,128
list_few_duplicates_128.txt,1,1.0165770053863525,58,0.00034809112548828125,921,0.00019478797912597656,919,0.0023040771484375,8128,0.0004961490631103516,1412,0.001107931137084961,4045,0.00032711029052734375,741,0.0007328987121582031,8128,0.00029015541076660156,1367,0.00027298927307128906,768,0.00012993812561035156,128
list_few_duplicates_128.txt,10,6.280658006668091,755,0.0003561973571777344,921,0.00019311904907226562,919,0.0023140907287597656,8128,0.00049591064453125,1412,0.0011148452758789062,4045,0.0003273487091064453,741,0.0007350444793701172,8128,0.00031065940856933594,1367,0.0002760887145996094,768,0.00013113021850585938,128
